Diameter,Intensity,Y,Species
9,0.0217509,0,BA
14,0.0217509,0,BA
18,0.0217509,0,BA
23,0.0217509,0,BA
9,0.0217509,0,BA
16,0.0217509,0,BA
10,0.0217509,0,PB
5,0.024212,0,BA
6,0.024212,0,BA
9,0.024212,0,BA
6,0.024212,0,BA
9,0.024212,0,BA
21,0.024212,0,BA
12,0.024212,0,BA
13,0.024212,0,BA
14,0.024212,0,BA
6,0.024212,0,BA
9,0.024212,0,BF
7,0.0278677,0,BA
5,0.0278677,0,BA
6,0.0278677,0,BA
6,0.0278677,0,BA
28,0.0278677,0,C
6,0.0278677,0,C
11,0.0305947,0,BF
9,0.0305947,0,BF
35,0.0305947,0,C
21,0.0305947,0,C
20,0.0305947,0,C
25,0.0305947,0,C
34,0.0305947,0,C
18,0.0305947,0,C
14,0.0305947,0,C
25,0.0305947,0,C
25,0.0305947,0,C
28,0.0305947,0,C
19,0.0305947,0,C
10,0.0305947,0,PB
15,0.0323448,0,BA
9,0.0323448,0,BA
9,0.0323448,0,BA
15,0.0323448,0,BA
10,0.0323448,0,BA
10,0.0323448,0,BA
16,0.0323448,0,BA
25,0.0323448,0,C
16,0.0323448,0,C
19,0.0323448,0,C
26,0.0323448,0,C
31,0.0323448,0,C
9,0.0341815,0,BF
5,0.0341815,0,BF
8,0.0341815,0,BF
8,0.0341815,0,BF
6,0.0341815,0,BF
8,0.0341815,0,BF
5,0.0341815,0,BF
33,0.0341815,0,C
19,0.0341815,0,C
37,0.0341815,0,JP
22,0.0345653,0,BF
20,0.0345653,0,PB
24,0.037267,1,A
10,0.037267,0,RM
10,0.037267,1,RM
5,0.0398276,0,C
25,0.0398276,1,C
5,0.0398276,0,C
16,0.0398276,0,C
14,0.0398276,0,C
16,0.0398276,0,C
12,0.0398276,0,C
7,0.0398276,0,PB
6,0.0398276,0,PB
6,0.0398276,0,PB
8,0.0398276,0,PB
6,0.0461334,0,BF
13,0.0479708,0,BS
20,0.0479708,0,C
22,0.0479708,0,C
27,0.0479708,0,C
8,0.0514511,0,BF
22,0.0514511,0,C
21,0.0514511,0,C
12,0.0514511,0,PB
15.5,0.0521484,0,PB
17,0.0521484,0,PB
15,0.0521484,0,PB
16,0.0521484,0,PB
21,0.0525153,0,BS
26,0.0525153,0,BS
38,0.0525153,0,C
31,0.0536769,1,RP
17,0.054777,0,A
12,0.054777,0,A
8,0.054777,0,BF
9,0.054777,0,BF
10,0.054777,0,BF
14,0.054777,0,PB
7,0.0552361,0,BF
22,0.0563668,0,A
45,0.0563668,0,RP
14,0.0571445,1,JP
30,0.0571445,1,JP
30,0.0571445,1,JP
16,0.0571445,1,JP
13,0.0571445,1,PB
14,0.0571646,1,JP
18,0.0571646,1,JP
17,0.0571646,1,JP
14,0.0571646,1,JP
14,0.0571646,1,JP
13,0.0571646,1,JP
18,0.0571646,1,JP
14,0.0575282,0,BF
15,0.0575282,0,BF
17,0.0575282,0,BF
12,0.0575282,0,BF
14,0.0575282,0,PB
10.5,0.0575282,0,PB
11.5,0.0575282,0,PB
21,0.0575282,0,PB
19,0.0575282,0,PB
19,0.0597874,0,BS
6,0.0649814,0,BS
8,0.0649814,0,BS
9,0.0649814,0,BS
18,0.0649814,0,BS
10,0.0649814,0,BS
13,0.0649814,0,BS
11,0.0649814,0,BS
10,0.0649814,0,BS
34,0.0649814,0,RP
15,0.0662406,1,BS
22,0.0662406,1,JP
20,0.0662406,1,JP
23,0.0662406,0,JP
24.5,0.0662406,0,JP
20,0.0678602,0,BS
34,0.0678602,0,BS
12,0.0678602,0,RM
17,0.0678602,0,RM
8,0.0687957,0,BF
37,0.0687957,0,JP
21,0.0687957,0,JP
5,0.0687957,0,RM
6,0.0687957,0,RM
12,0.068874,1,A
25,0.068874,1,A
25,0.068874,1,A
25,0.068874,1,A
14,0.0693424,0,BF
12,0.0693424,0,BF
16,0.0693424,0,BS
15,0.0693424,0,BS
17,0.0693424,0,RM
16,0.0693424,0,RM
16,0.0693424,0,RM
11,0.0693424,0,RM
22,0.0697707,0,A
24,0.0697707,0,JP
10,0.071072,0,A
18,0.071072,0,BF
13,0.071072,0,BF
8,0.071072,0,PB
8.5,0.071072,0,PB
37.5,0.0712564,0,A
23,0.0723925,0,JP
5,0.0723925,0,PB
8,0.0726807,0,BF
7,0.0726807,0,BF
11,0.0726807,0,BS
14,0.0726807,1,BS
21,0.0726807,0,BS
11,0.0726807,1,PB
6,0.0730598,0,BF
5,0.0730598,0,BF
9,0.0730598,0,BF
11,0.0730598,0,BS
6,0.0748013,0,BA
6,0.0748013,0,BA
6,0.0748013,0,BA
34,0.0760489,0,A
14,0.0773118,0,BF
13,0.0777039,1,JP
11,0.0777039,1,JP
9,0.0777039,1,JP
13,0.0777039,1,JP
13,0.0777039,1,JP
12,0.0777039,1,JP
15,0.0777039,1,JP
12,0.0777039,0,JP
11,0.0777039,1,JP
17,0.0777039,1,JP
12,0.0777039,1,JP
11,0.0777039,1,JP
34,0.0780471,0,A
51,0.0780471,0,A
28,0.0780471,0,PB
38,0.0792837,0,A
13,0.0792837,0,RM
10,0.0792837,0,RM
12,0.0792837,0,RM
10,0.0792837,0,RM
11,0.0805133,0,BF
25,0.0805133,0,PB
6,0.0805133,0,RM
9,0.0813203,0,A
39,0.0813203,0,A
40,0.0813203,0,A
36,0.0813203,0,A
7,0.0818451,0,BF
6,0.0818451,0,BF
20,0.0818451,0,BS
13,0.0818451,0,C
7,0.0818451,0,C
6,0.0818451,0,C
8,0.0818451,0,C
5,0.0846147,0,BF
6,0.0846147,0,BF
5,0.0846147,0,BF
5,0.0846147,0,BF
6,0.0846147,0,BS
12,0.0846147,0,BS
6,0.0846147,0,PB
8,0.084997,0,BA
6,0.084997,0,BA
7,0.084997,0,BA
6,0.084997,0,BA
7,0.084997,0,BA
9,0.084997,0,BA
10,0.084997,0,BF
12,0.084997,0,BS
5,0.084997,0,PB
42,0.0868586,1,A
9,0.0868586,0,RM
6,0.0868586,1,RM
9,0.0868586,1,RM
7,0.0868586,0,RM
25,0.0868586,1,RM
5,0.0879988,0,BF
6,0.0879988,0,BF
6,0.0879988,0,BF
5,0.0879988,0,BF
5,0.0879988,0,BF
8,0.0879988,0,BF
5,0.0879988,0,PB
7,0.0879988,0,PB
5,0.0879988,0,PB
21,0.0886621,0,A
22,0.0886621,0,A
31,0.0886621,0,A
28,0.0886621,0,A
28,0.0886621,0,A
28,0.0886621,0,A
13,0.0886621,0,BS
16,0.0886621,0,BS
16,0.089435,0,BF
10,0.089435,0,BF
12,0.089435,1,BF
14,0.089435,0,PB
5,0.0894688,0,BF
7,0.0894688,0,BS
6,0.0894688,0,BS
9,0.0894688,0,BS
8,0.0894688,0,BS
12,0.0894688,0,BS
13,0.0894688,0,BS
7,0.0894688,0,PB
7,0.0899905,0,BS
8,0.0899905,0,BS
6,0.0899905,0,BS
6,0.0899905,0,BS
10,0.0899905,0,BS
10,0.0899905,0,BS
11,0.0899905,0,BS
11,0.0904253,0,BS
9,0.0914889,0,BF
12,0.0914889,0,BF
5,0.0914889,0,BF
10,0.0914889,0,BF
7,0.0914889,0,BF
17,0.0914889,0,BS
5,0.0943459,0,BF
7,0.0943459,0,BF
5,0.0943459,0,BF
33,0.0943459,0,PB
10,0.095173,0,BA
12,0.095173,1,BA
14,0.0958845,0,BF
15,0.0958845,0,BS
15,0.0958845,0,BS
21,0.0958845,0,BS
13,0.0958845,0,BS
10,0.0958845,0,BS
12,0.0958845,0,BS
25,0.0958845,1,JP
23,0.0958845,0,JP
17,0.0965822,0,A
8,0.0965822,0,A
5,0.0965822,0,BF
16,0.0965822,0,BS
7,0.0965822,0,BS
8,0.0974461,0,BS
15,0.0974461,0,PB
11,0.0974461,0,PB
14,0.0974461,0,PB
9,0.0974461,0,PB
13,0.0990518,0,PB
15,0.0990518,0,PB
14,0.0990518,0,PB
16,0.0990518,0,PB
10,0.0990518,0,PB
11,0.0990518,0,PB
12,0.0990518,0,PB
10,0.0990518,0,PB
17,0.0990518,0,PB
18,0.0992233,0,BS
16,0.0992233,0,BS
15,0.0992233,0,BS
15,0.0992233,0,BS
17,0.0992233,0,BS
15,0.0992233,0,BS
16,0.0992233,0,BS
17,0.0992233,0,BS
8,0.0992233,0,BS
13,0.0992233,0,BS
12,0.0994145,0,A
12,0.0994145,0,A
12,0.0994145,1,A
17,0.0994145,0,BF
5,0.0994145,0,PB
7,0.0994145,0,PB
9,0.0994145,0,PB
7,0.0994145,0,PB
8,0.0994145,0,PB
5,0.0994145,0,PB
5,0.0994145,0,PB
6,0.0994145,0,PB
11,0.0994145,0,PB
11,0.0994145,0,PB
5,0.0995897,0,BF
11,0.0995897,0,BF
7,0.0995897,0,BS
5,0.0995897,0,BS
5,0.0995897,0,BS
9,0.0995897,0,BS
19,0.0995897,0,BS
18,0.0995897,0,PB
11,0.0998312,0,BA
14,0.0998312,0,BA
6,0.0998312,0,BF
7,0.0998312,0,BF
7,0.0998312,0,BF
7,0.0998312,0,BS
16,0.0998312,0,BS
7,0.0998312,0,BS
9,0.0998312,0,BS
9,0.0998312,0,BS
14,0.0998312,0,BS
11,0.0998312,0,BS
7,0.0998312,0,PB
17,0.100452,0,C
46,0.100452,0,C
10,0.101679,0,BS
14,0.101679,0,BS
17,0.101679,0,BS
16,0.101679,0,BS
18,0.101679,0,BS
15,0.101679,0,BS
8,0.101679,0,BS
7,0.101679,1,BS
7,0.101679,0,BS
13,0.101679,0,C
9,0.101679,0,C
10,0.101679,0,C
22,0.10254,0,A
21,0.10254,1,A
23,0.10254,0,A
26,0.10254,0,A
25,0.10254,0,A
17,0.10254,0,A
21,0.10254,0,A
13,0.10254,1,BF
15,0.103689,1,A
25,0.103689,0,BF
7,0.105993,0,BF
8,0.105993,0,BF
9,0.105993,0,RP
14,0.107644,0,BF
20,0.107644,0,BS
51,0.107644,0,BS
19,0.107769,0,BF
17,0.107769,0,BF
5.5,0.107769,0,BS
29,0.107769,0,PB
46,0.109636,0,C
14,0.114878,0,BF
13,0.114878,1,BF
6,0.114878,0,BF
16,0.114878,0,BS
14,0.114878,0,BS
6,0.114878,0,PB
6,0.115634,0,BF
6,0.115634,0,BF
23,0.115634,0,BS
8,0.115634,0,PB
17,0.115776,0,BS
8,0.118361,0,BF
6,0.118361,0,RM
8,0.118887,0,BS
15,0.118887,1,BS
13,0.118887,0,PB
7,0.118887,0,PB
14,0.118887,0,PB
13,0.118887,0,PB
15,0.118887,0,PB
12,0.118887,0,PB
8,0.118887,0,PB
12,0.119263,0,BS
10,0.119263,0,PB
13,0.119263,0,PB
12,0.119263,0,PB
13,0.119263,0,PB
22,0.120054,1,BF
15,0.120054,1,BS
11.5,0.120054,1,BS
14,0.120054,1,BS
24,0.120054,1,JP
22,0.120054,1,JP
28,0.120054,1,JP
11,0.120054,1,PB
15,0.120054,1,RM
15,0.120149,0,BS
7,0.120149,0,BS
14,0.120149,0,BS
16,0.120149,0,BS
14,0.120149,0,BS
13,0.120149,0,BS
13,0.120149,0,BS
10,0.120149,0,PB
10,0.120149,0,PB
6,0.120534,0,BF
9,0.120534,0,BF
12,0.120534,0,BS
5,0.120534,0,PB
10,0.120534,0,PB
12,0.120534,0,PB
11,0.120534,0,PB
10,0.120534,0,PB
11,0.120629,0,BF
14,0.120629,0,BS
14,0.120629,0,BS
15,0.120629,0,BS
15,0.120629,0,BS
7,0.120629,0,BS
12,0.120629,0,BS
20,0.120629,0,JP
15,0.120629,0,JP
16,0.120629,0,JP
30,0.120629,0,JP
18,0.120629,0,JP
25,0.120629,0,JP
13,0.120629,0,JP
20,0.120629,0,JP
20,0.120629,0,JP
38,0.128254,0,C
23,0.128254,0,C
28,0.128254,0,C
23,0.128254,0,C
24,0.128254,0,C
23,0.128254,0,C
42.5,0.128254,0,C
30,0.128254,0,PB
11,0.128353,0,BS
10,0.128353,0,BS
13,0.128353,0,BS
13,0.128353,0,BS
25,0.128353,0,JP
21,0.128353,0,JP
34,0.128353,0,JP
6,0.128477,0,BF
15,0.128477,0,BS
13,0.128477,0,BS
17,0.128477,0,BS
12,0.128477,0,BS
7,0.128477,0,RM
7,0.12938,0,BF
5,0.12938,0,BF
7,0.12938,0,BF
21,0.130199,1,JP
28,0.130199,1,JP
27,0.130199,0,JP
36,0.130199,1,JP
14,0.130565,0,BS
6,0.130565,0,PB
13,0.131108,0,A
17,0.131108,0,A
27,0.131108,0,JP
7,0.13163,0,BF
15,0.13163,0,BS
14,0.13163,1,BS
21,0.13163,0,BS
32,0.13163,0,JP
11,0.131718,0,BF
11,0.132051,0,BF
21,0.132051,0,BS
21,0.132051,0,BS
9,0.132051,0,BS
7,0.132051,0,BS
13,0.132093,0,BF
17,0.132093,0,BS
28,0.132093,0,BS
14,0.132093,0,PB
14,0.132093,0,PB
15,0.132093,0,PB
12,0.132093,0,PB
10,0.132585,0,BF
10,0.132585,0,BF
25,0.132585,1,BS
19,0.132585,0,BS
26,0.132585,1,JP
7,0.135751,1,BF
9,0.135751,1,BF
14,0.135751,0,BS
14,0.135751,1,JP
22,0.135751,1,JP
19,0.135751,1,JP
15,0.135751,1,JP
21,0.137206,0,PB
33,0.137242,0,RP
5,0.138033,0,BF
5,0.138033,0,BF
5,0.138033,0,BF
5,0.138033,0,BS
5,0.138033,0,BS
6,0.138033,0,BS
56,0.14235,0,A
30,0.14235,0,JP
18,0.14235,0,PB
11,0.14235,0,PB
6,0.144217,0,BF
20,0.144217,0,BS
17,0.144217,0,BS
9,0.144217,0,BS
34,0.144217,0,JP
6,0.144217,0,PB
17,0.144485,0,A
9,0.144485,1,BS
23,0.144485,1,JP
14,0.144485,1,JP
36,0.145072,1,RP
32,0.145072,1,RP
30.5,0.145072,1,RP
34.5,0.145072,0,RP
37,0.145072,1,RP
6,0.145446,0,BF
9,0.145446,0,BF
14,0.145446,0,BS
6,0.145446,0,BS
7,0.145446,0,BS
6,0.145446,0,BS
12,0.146615,1,BF
8,0.146615,1,BF
9,0.146615,0,BS
16,0.146615,0,BS
13,0.146615,0,BS
12,0.146615,1,BS
14,0.146615,0,C
9,0.146615,0,C
20,0.147894,0,BS
14,0.147894,0,BS
18,0.147894,0,JP
14,0.147894,0,PB
14,0.148025,0,BF
11,0.148025,0,BF
13,0.148025,0,BF
9,0.148025,0,BF
26,0.148025,0,BS
17,0.148025,0,C
10,0.148025,0,RM
6,0.149973,0,BF
5,0.149973,0,BF
27,0.149973,1,BS
22,0.150451,0,C
25,0.150451,0,RP
35,0.150451,0,RP
40,0.150451,0,RP
9,0.152714,0,BF
6,0.152714,0,BF
22,0.152714,0,C
19,0.152714,0,C
26,0.152714,0,C
21,0.152714,0,C
17,0.152714,0,C
5,0.152714,0,PB
5,0.152714,0,PB
24,0.153093,1,A
25,0.153093,0,A
29,0.153093,1,A
22,0.153093,1,A
27,0.153093,0,A
22,0.153093,1,A
19,0.153093,1,A
13,0.153093,1,JP
13,0.157774,1,BS
12,0.157774,1,JP
18,0.157774,1,JP
14,0.157774,1,JP
14,0.157774,1,JP
23,0.157774,1,JP
14,0.157774,1,JP
16,0.157774,1,JP
11,0.157774,1,JP
9,0.157774,1,JP
14,0.157774,1,JP
10,0.157774,0,PB
9,0.157774,0,PB
5,0.163796,0,BF
14,0.163796,0,BF
5,0.163796,0,BF
10,0.164513,0,BF
10,0.164513,0,BF
11,0.164513,0,PB
18,0.16455,0,C
17,0.16455,0,C
17,0.16455,0,C
12,0.16455,0,C
14,0.16455,0,C
25,0.16455,0,C
12,0.16455,0,C
10,0.16455,0,C
19,0.16455,0,C
14,0.16455,0,C
16,0.166452,0,BS
8,0.166452,0,BS
11,0.166452,0,BS
19,0.166452,0,BS
13,0.166452,0,BS
11,0.166452,0,PB
16,0.166936,0,BS
18,0.166936,1,BS
13,0.166936,0,BS
13,0.166936,0,BS
23,0.166936,0,JP
18,0.166936,0,JP
23,0.166936,0,JP
21,0.170198,0,PB
13,0.170198,0,PB
18,0.170198,0,PB
14,0.170198,0,RM
12,0.170198,0,RM
15,0.170198,0,RM
8,0.170198,0,RM
12,0.170198,0,RM
9,0.170198,0,RM
28,0.170545,0,A
14,0.170545,0,BS
9,0.173236,0,A
11.5,0.173236,0,BS
14.5,0.173236,0,BS
11,0.173236,0,PB
12,0.173236,0,PB
14,0.173236,0,PB
16,0.173383,0,BF
7,0.173383,0,BF
10,0.173383,0,BF
30,0.173383,0,RM
22,0.173782,0,A
31,0.173782,1,BS
10,0.173782,0,PB
8,0.174111,1,BF
8,0.174111,1,BF
7,0.174111,1,BF
10,0.174111,1,BF
6,0.174111,0,BF
6,0.174869,0,BA
9,0.174869,0,BA
5,0.174869,0,BA
7,0.174869,0,BA
8,0.174869,0,BA
9,0.174869,0,BF
8,0.174869,0,BS
6,0.174869,0,BS
5,0.174869,0,C
24,0.174869,0,C
27,0.174869,0,C
12,0.175609,0,BS
10,0.175609,0,C
14,0.175609,0,C
6,0.175609,0,C
13,0.175609,0,C
16,0.175609,0,C
6,0.175609,0,C
7,0.175609,0,C
20,0.176509,0,A
21,0.176509,0,A
20,0.176509,0,A
23,0.176509,0,A
22,0.176509,0,A
23,0.176509,0,A
21,0.176509,0,A
12,0.176509,1,BS
21,0.176509,0,BS
14,0.176509,0,BS
11,0.176509,0,PB
10,0.176509,0,PB
12,0.176509,0,PB
7,0.176954,0,BF
14,0.176954,1,BS
13,0.176954,0,BS
12,0.176954,0,BS
6,0.176954,0,BS
9,0.176954,0,BS
12,0.176954,0,BS
8,0.176954,1,BS
23,0.17722,0,A
37,0.17722,0,A
33,0.17722,0,BS
24,0.17722,0,BS
19,0.17722,0,PB
11,0.17722,0,RM
8,0.17722,0,RM
5,0.18105,1,BF
5,0.18105,0,BF
7,0.18105,1,BF
5,0.18105,0,BF
13,0.18105,1,BS
13,0.18105,1,BS
6,0.182465,0,BF
5,0.182465,0,BF
5,0.182465,0,BF
5,0.182465,0,BF
7,0.182465,0,BF
5,0.182702,0,C
12,0.182702,0,C
11,0.182702,0,C
10,0.182702,0,C
15,0.182702,0,C
5,0.182702,0,C
10,0.182702,0,C
6,0.183632,0,BF
6,0.183632,0,BF
6,0.183632,0,BF
6,0.183632,0,BS
23,0.183632,0,BS
13,0.183632,0,PB
17,0.183632,0,PB
7,0.184542,0,BF
6,0.184542,0,BF
6,0.184542,0,PB
9,0.184542,0,PB
13,0.184542,0,PB
27,0.184542,0,PB
18,0.188526,1,BS
24,0.188526,1,BS
14,0.188526,0,C
8,0.188526,0,C
8,0.188526,0,C
10,0.188526,0,C
6,0.188526,0,C
5,0.191521,0,BF
15,0.191521,0,BS
13,0.191521,0,BS
18,0.191521,0,BS
21,0.191521,0,JP
27,0.191521,1,JP
6,0.191521,0,PB
8,0.191521,1,PB
12,0.192293,0,BF
25,0.192293,0,PB
39,0.192293,0,PB
7,0.192509,0,BF
10,0.192509,0,BS
15,0.192509,0,BS
19,0.192509,0,BS
18,0.192509,1,BS
10,0.192509,0,BS
44,0.192509,1,JP
14,0.195046,0,C
25,0.195046,0,C
22,0.195046,0,C
17,0.195046,0,C
7,0.195646,0,BS
12,0.195646,1,BS
27,0.195646,0,JP
25,0.195646,1,JP
14,0.195646,0,JP
25,0.195646,0,JP
14,0.195646,1,JP
10,0.195646,0,PB
7,0.195646,0,PB
12,0.195646,0,PB
14,0.197618,0,BF
8,0.197618,0,BF
10,0.197618,0,BF
16,0.197618,0,BF
11,0.197618,0,BF
15,0.197618,0,BS
15,0.197618,0,PB
14,0.198293,1,BF
14,0.198293,0,BF
10,0.198293,1,BF
40,0.198293,0,BS
10,0.199172,0,BF
14,0.199172,0,BS
21,0.199172,0,RM
8,0.199172,0,RM
21,0.199172,0,RM
25,0.199172,0,RM
18,0.19934,1,C
38,0.19934,1,JP
36,0.19934,1,JP
28,0.19934,1,JP
36,0.19934,1,JP
9,0.201838,0,BS
8,0.201838,0,BS
22,0.201838,0,BS
6,0.201838,0,BS
7,0.201838,0,PB
15,0.201838,0,PB
21,0.20332,1,BF
15,0.20332,0,PB
17,0.20332,0,PB
23,0.20332,0,RM
14,0.20332,0,RM
8,0.204132,0,BF
10,0.206243,0,BF
30,0.206243,0,C
13,0.206243,1,C
9,0.206243,0,C
10,0.206243,0,PB
6,0.207769,0,BF
6,0.207769,0,BF
9,0.208116,0,BF
9,0.208116,0,BF
26,0.208116,0,C
21,0.208116,0,C
30,0.208116,0,C
19,0.208116,0,C
13,0.208116,0,C
28,0.208116,0,C
22,0.208116,0,C
17,0.208116,0,C
6,0.210034,1,BA
7,0.210034,1,BF
7,0.210034,1,BF
5,0.210034,0,PB
31,0.210467,1,C
15,0.210467,0,C
23,0.210467,0,C
15,0.210467,0,C
9,0.210467,0,PB
8,0.211429,0,BS
13,0.211429,0,BS
9,0.211429,0,BS
8,0.211429,0,BS
12,0.211429,0,BS
16,0.211429,1,BS
15,0.211429,0,BS
15,0.211429,1,BS
11,0.211429,0,BS
19,0.211429,0,BS
10,0.211429,0,BS
17,0.211429,1,JP
31,0.212418,1,JP
27,0.212418,1,JP
25,0.212801,0,BS
12,0.212801,0,BS
8,0.212801,0,PB
11,0.212801,0,PB
13,0.213854,1,BS
8,0.213854,0,BS
30,0.213955,1,JP
26,0.213955,1,JP
17,0.213955,0,PB
9,0.214047,0,BF
8,0.214047,0,BF
7,0.214047,0,BF
16,0.214047,0,JP
10,0.214446,0,BS
11,0.214446,0,BS
9,0.214446,1,BS
17,0.214446,1,BS
9,0.214446,1,BS
10,0.214446,1,JP
12,0.214446,0,JP
20,0.214446,0,JP
7,0.214931,0,BF
7,0.214931,0,BF
5,0.214931,0,C
8,0.214931,0,C
9,0.214931,0,C
6,0.214931,0,C
5,0.215521,0,BF
7,0.215521,0,BF
5,0.215521,1,BF
5,0.215521,0,BF
6,0.215521,0,BF
5,0.215521,0,BF
11,0.215521,0,BF
5,0.215521,0,BF
5,0.215521,0,BS
6,0.215521,0,BS
7,0.215975,0,BF
8,0.215975,0,BF
10,0.215975,0,BF
19,0.215975,1,BS
17,0.215975,0,C
18,0.215975,0,C
7,0.215975,0,C
5,0.215975,0,C
5,0.216023,0,BF
11,0.216023,0,BS
18,0.216023,0,BS
15,0.216023,0,C
27,0.21856,1,A
32,0.21856,1,A
16,0.21856,0,BS
17,0.21856,1,BS
15,0.21856,0,JP
20,0.21856,1,JP
15,0.218936,0,BS
18,0.218936,1,BS
14,0.218936,0,BS
9,0.218936,0,BS
21,0.218936,0,PB
7,0.219577,1,BF
5,0.219577,1,BF
6,0.219577,1,BF
8,0.219577,0,BF
5,0.219577,0,BF
7,0.219577,0,BF
11,0.219577,1,BF
11,0.219577,1,BF
10,0.219577,1,BF
11,0.219577,1,BF
8,0.219577,0,BF
7,0.219577,0,PB
6,0.219577,0,PB
32,0.219823,1,A
12,0.219823,1,BS
17,0.219823,0,C
20,0.219823,1,JP
25,0.219823,1,JP
22,0.219823,1,JP
24,0.219823,1,JP
22,0.219823,1,JP
29,0.220692,1,A
30,0.220692,1,A
30,0.220692,1,A
12,0.220692,0,A
12,0.220692,1,BS
47,0.220769,1,A
30,0.220787,0,A
15,0.220787,1,BF
6,0.220787,0,BS
14,0.220787,0,PB
16,0.220787,0,PB
14,0.223505,0,PB
10,0.223505,0,RM
14,0.223505,0,RM
17,0.223505,1,RM
8,0.224639,0,BF
6,0.224639,1,BF
30,0.224639,1,BS
6,0.224639,0,PB
7,0.224639,0,PB
5,0.224639,0,PB
5,0.224639,0,PB
8,0.224639,0,PB
10,0.224701,0,A
8,0.224701,0,A
6,0.224701,0,BF
6,0.224701,0,BF
7,0.224701,0,BF
26,0.224701,1,C
21,0.224701,1,C
10,0.224701,0,PB
6,0.224701,1,PB
6,0.224701,0,PB
6,0.224701,0,PB
34,0.225786,1,A
19,0.225786,0,BS
22,0.225786,0,BS
12,0.22813,1,A
6,0.22813,0,BF
5,0.22813,0,BF
18,0.229101,1,JP
19,0.229101,1,JP
19,0.229101,0,JP
19,0.229101,0,JP
11,0.229207,1,BS
18,0.229207,0,JP
16,0.229207,1,JP
18,0.229207,1,JP
18,0.229207,1,JP
12,0.229207,1,JP
9,0.230694,0,BF
12,0.230694,1,BF
14,0.230694,0,PB
7,0.230694,0,PB
6,0.230694,1,PB
34,0.232239,1,JP
17,0.233663,0,BS
12,0.233663,0,BS
12,0.233663,0,C
17,0.233663,0,PB
11,0.233663,0,PB
7,0.234421,0,BF
5,0.234421,0,PB
17,0.235015,1,BS
11,0.235015,0,PB
8,0.235669,0,BS
10,0.235669,0,BS
12,0.235669,0,BS
7,0.235669,0,BS
17,0.235669,0,JP
5,0.235669,0,PB
6,0.235722,0,BF
16,0.235722,0,BF
9,0.235989,0,A
6,0.235989,0,BF
6,0.235989,0,BF
5,0.235989,0,BS
14,0.235989,0,BS
12,0.235989,0,BS
10,0.235989,1,BS
21,0.236168,0,BS
13,0.236168,0,C
12,0.236168,0,C
24,0.236168,0,C
11,0.236168,0,C
26,0.236168,0,PB
14,0.236964,0,A
14,0.236964,1,PB
15,0.236964,1,PB
24,0.237264,0,BS
28,0.237264,0,RM
17,0.237264,0,RM
16,0.237342,1,BF
8,0.237342,0,BF
11,0.237342,0,C
7,0.237342,0,C
7,0.237342,1,C
6,0.237342,0,C
7,0.237342,0,C
5,0.237342,0,C
9,0.237342,0,C
17,0.239111,0,PB
32,0.239111,0,PB
21,0.239111,1,PB
25,0.239669,1,RP
22,0.239712,1,BS
30,0.239712,1,JP
32,0.239712,1,JP
19,0.239752,0,BS
25,0.239752,0,C
27,0.239752,0,C
15,0.239752,0,PB
27,0.239752,0,PB
15,0.243286,1,BS
14,0.243286,0,BS
20,0.243286,1,BS
16,0.243286,1,BS
9,0.243286,0,C
12,0.2439,1,BS
15,0.2439,1,JP
27,0.2439,1,JP
14,0.2439,0,PB
9,0.2439,0,PB
8,0.2439,0,PB
8,0.2439,0,PB
7,0.249347,0,BF
15,0.249347,0,BS
14,0.249347,1,BS
10,0.249347,1,BS
17,0.249347,0,BS
20,0.249347,1,BS
29,0.251911,0,BF
16,0.251911,0,BS
5,0.251911,0,PB
6,0.251911,1,PB
8,0.251911,0,PB
9,0.251911,1,PB
24,0.25329,0,C
18,0.25329,0,C
15,0.25329,0,C
9,0.25329,0,PB
22,0.25329,0,PB
15,0.253428,0,PB
10,0.253428,0,PB
10,0.253428,0,PB
12,0.253428,0,PB
21,0.253428,0,PB
13,0.253428,0,RM
13,0.253428,0,RM
6,0.253849,0,BF
6,0.253849,0,BF
9,0.253849,0,BF
20,0.25545,1,BS
18,0.25545,1,BS
22,0.25545,1,BS
10,0.255518,0,BS
17,0.255518,0,BS
20,0.255518,0,BS
15,0.255518,0,BS
9,0.255518,0,BS
12,0.256476,0,PB
5,0.256476,0,PB
5,0.256476,0,PB
10,0.256476,0,PB
16,0.256476,0,RM
14,0.256476,1,RM
13,0.256476,0,RM
13,0.256476,0,RM
6,0.256476,0,RM
13,0.256476,0,RM
17,0.256476,1,RM
8,0.256767,0,BF
13,0.256767,1,BS
9,0.256767,0,BS
6,0.256767,0,C
15,0.256767,0,PB
6,0.257545,0,C
10,0.257545,0,C
14,0.257545,0,C
13,0.257545,0,C
9,0.257545,0,C
9,0.257545,0,C
9,0.257545,0,C
16,0.257545,0,C
15,0.257545,1,JP
22,0.257545,1,JP
12,0.258777,0,BS
9,0.258777,0,BS
15,0.258777,0,BS
14,0.258777,0,BS
35,0.258777,1,JP
10,0.258777,0,PB
14,0.259414,0,A
10,0.259414,0,A
7,0.259414,0,BF
7,0.259414,0,BF
5,0.259414,0,BF
7,0.259414,0,BF
6,0.259414,0,BF
8,0.259414,0,BF
9,0.259414,0,BF
10,0.259414,0,BF
8,0.259414,0,PB
32,0.260464,1,A
33,0.260464,1,A
15,0.260464,1,BS
12,0.260464,0,PB
52,0.263316,0,RP
32,0.263781,1,A
32,0.263781,1,A
9,0.265896,1,BF
28,0.265896,1,JP
10,0.266083,1,BS
21,0.266083,0,JP
9,0.266083,0,PB
10.5,0.26803,0,BS
28,0.26803,1,JP
27,0.26803,1,JP
23,0.26803,1,JP
24,0.26803,1,JP
7,0.268259,1,BF
5,0.268259,0,BS
7,0.268259,0,BS
8,0.268259,0,BS
8,0.268259,0,BS
6,0.268259,0,BS
8,0.268259,0,BS
18,0.268259,1,JP
13,0.268259,0,PB
21,0.268259,1,PB
23,0.268259,0,PB
6,0.269299,1,BF
8,0.269299,0,BF
8,0.269299,0,BF
6,0.269299,0,BF
7,0.269299,0,BF
8,0.269299,0,BF
5,0.269299,0,PB
26,0.271089,1,A
29,0.271089,1,A
22.5,0.271089,1,A
21,0.271089,1,A
25,0.273138,1,A
20,0.273138,1,A
16,0.273138,1,A
10,0.273138,0,JP
26,0.273138,1,JP
11,0.273138,0,PB
20,0.273593,0,BF
22,0.273593,1,BS
25.5,0.273593,0,PB
9,0.273593,0,PB
17,0.274002,1,A
16,0.274002,0,A
20,0.274002,1,A
17,0.274002,0,A
17,0.274002,0,A
21,0.274002,0,A
11,0.274002,1,BS
15,0.274002,1,BS
20,0.274002,1,JP
7,0.274106,0,BF
8,0.274106,0,BF
6,0.274106,0,BF
7,0.274106,0,BF
6,0.274106,0,BF
14,0.274106,1,BF
10,0.274106,0,BF
10,0.274106,0,BF
7,0.274106,0,PB
32,0.275455,0,A
12,0.275455,0,BF
23,0.275455,0,BS
16,0.275455,1,BS
37,0.275455,0,JP
12,0.275455,0,RM
11,0.275455,0,RM
22,0.276947,1,PB
6,0.279653,0,BF
25,0.279653,1,BS
8,0.279653,0,PB
31,0.279653,0,PB
16,0.279653,0,PB
11,0.279984,0,BS
7,0.279984,0,C
5,0.279984,0,C
5,0.279984,0,C
5,0.279984,0,C
5,0.279984,0,C
24,0.279984,0,C
9,0.281498,0,BF
5,0.281498,0,BF
5,0.281498,0,BF
5,0.281498,0,BS
11,0.281793,1,BF
15,0.281793,1,BS
40,0.281793,0,C
15,0.282007,0,C
12,0.282007,0,C
11,0.282007,1,C
8,0.282007,1,C
10,0.282007,0,C
16,0.282007,0,C
26,0.282007,1,JP
10,0.282255,0,BS
6,0.283471,0,BF
5,0.283471,0,BF
7,0.283471,0,BF
6,0.283471,0,BF
6,0.283471,0,BF
5,0.283471,0,BF
8,0.283471,0,BF
7,0.283471,0,BF
8,0.283471,0,BF
6,0.283471,0,BF
6,0.283471,0,PB
14,0.284814,1,BF
21,0.284814,1,BS
11,0.284814,0,PB
32,0.284814,0,PB
17,0.28577,1,BS
12,0.28577,0,BS
19,0.28577,1,BS
11,0.286221,0,BS
11,0.286221,1,BS
7,0.286221,0,C
9,0.286221,0,C
6,0.286221,0,C
7,0.286221,0,C
5,0.286221,0,C
8,0.286221,0,C
11,0.286221,0,C
6,0.286221,0,C
6,0.286221,0,C
12,0.286221,0,C
11,0.286221,0,C
10,0.286221,0,C
10,0.286221,0,C
22.5,0.286992,1,C
25,0.286992,0,C
40,0.286992,1,RP
20,0.287872,0,A
9,0.287872,1,BS
14,0.287872,1,BS
26,0.287872,0,C
24.5,0.287872,0,C
33,0.287872,1,JP
42,0.287872,0,JP
31,0.289339,1,A
13,0.289339,1,A
20,0.289339,1,A
13,0.289339,1,BS
17,0.289339,1,BS
8,0.289339,1,PB
30,0.290151,1,A
8,0.290151,0,BF
6,0.290151,0,BF
7,0.290151,0,C
7,0.290151,1,C
6,0.290151,1,C
8,0.290557,0,BF
7,0.290557,0,BS
7,0.290557,0,BS
26,0.290557,1,JP
7,0.290557,0,RM
18,0.291864,1,A
14,0.291864,1,A
19,0.291864,1,A
17,0.291864,1,A
25,0.291864,1,JP
20,0.291864,1,JP
20,0.291864,1,JP
12,0.291864,1,PB
10,0.291864,0,PB
19,0.292881,1,BS
27,0.293629,0,A
31,0.293629,0,A
12,0.293629,0,BF
10,0.293629,0,RM
10,0.294195,1,BF
8,0.294195,0,BS
10,0.294195,1,BS
11,0.294195,0,C
21,0.294195,1,JP
13,0.294195,0,JP
15,0.294195,0,JP
23,0.294195,1,JP
20,0.294195,0,JP
20,0.294195,0,JP
15,0.294195,1,JP
19,0.294195,0,JP
13,0.294591,1,BS
39,0.294591,1,JP
8,0.295153,0,BS
10,0.295153,0,PB
18,0.295381,0,C
8,0.295381,1,C
34,0.295381,1,JP
33,0.295381,1,JP
12,0.296207,0,BA
16,0.296207,1,BS
15,0.297593,1,JP
10,0.297593,1,JP
27,0.297593,0,JP
18,0.300321,0,A
30,0.300321,0,A
12,0.300321,0,BF
7,0.300321,0,BF
7,0.300321,0,BF
10,0.300321,0,BF
12,0.300321,0,PB
6,0.300321,0,PB
10,0.300346,0,BS
21,0.300346,1,BS
31,0.302269,0,BS
36,0.302269,1,RP
20,0.302269,1,RP
8,0.303317,0,BF
7,0.303317,1,BF
5,0.303317,0,BF
12,0.303317,0,C
15,0.303317,0,C
31,0.303317,0,C
10,0.303317,0,C
6,0.30554,0,BF
11,0.30554,1,BS
20.5,0.30554,0,C
17,0.30554,0,C
22,0.30554,0,C
14,0.30554,0,C
31,0.30554,1,JP
7,0.305741,1,BF
13,0.305741,1,BF
24,0.305741,1,JP
8,0.306005,0,BF
20,0.306005,0,C
16,0.30686,0,BS
28,0.30686,1,BS
25,0.307181,1,A
9,0.307181,1,A
21,0.307181,1,BF
8,0.307181,1,BF
6,0.307181,0,PB
18,0.307181,1,RM
15,0.307181,0,RM
9,0.307181,0,RM
18,0.307181,0,RM
8,0.308675,0,BF
8,0.308675,0,BF
22,0.308675,0,BS
16,0.309179,0,BF
19,0.309179,1,BS
11,0.309538,0,A
7,0.309538,0,A
9,0.309538,0,A
13,0.309538,0,A
14,0.309538,0,A
33,0.309538,1,BS
13,0.309538,0,BS
8,0.309538,0,PB
14,0.309538,0,RM
9,0.310713,0,BF
14,0.310713,1,BF
25,0.310713,1,BS
26,0.312282,1,C
25,0.312282,1,C
29,0.312282,0,JP
6,0.313393,0,BF
6,0.313393,0,BS
9,0.313393,0,BS
9,0.313393,0,BS
9,0.313393,0,BS
14,0.313393,1,BS
5,0.313393,0,BS
6,0.313393,0,BS
7,0.313393,0,C
6,0.313393,0,C
7,0.313393,0,C
7,0.313393,0,C
7,0.313393,0,C
18,0.313393,1,JP
7,0.313393,0,PB
22,0.313403,1,BS
9,0.313963,0,BF
28,0.313963,0,C
29,0.313963,1,C
20,0.313963,0,C
22,0.313963,0,C
22,0.313963,0,C
14,0.313963,0,C
16,0.313963,0,C
42,0.313963,0,C
17,0.314097,0,BS
25,0.314097,0,C
28,0.314097,0,C
23,0.314097,0,C
24,0.314097,0,C
17,0.314097,0,C
18,0.314097,1,JP
20,0.315073,0,BS
6,0.315073,0,PB
24,0.315073,0,RM
11,0.315073,0,RM
16,0.315073,0,RM
17,0.315339,0,PB
23,0.315339,0,PB
14,0.316343,0,BS
17,0.316343,1,BS
12,0.316343,1,BS
14,0.316343,1,BS
10,0.316343,1,BS
7,0.316343,1,BS
12,0.316343,1,BS
12,0.316343,1,BS
8,0.316343,1,BS
14,0.316343,0,BS
7.5,0.320563,1,BF
9.5,0.320563,1,BF
13,0.321258,0,BF
13,0.321258,1,BF
13,0.321258,0,BF
10,0.321258,0,BF
13,0.321258,0,BS
15,0.321258,0,BS
16,0.321258,1,BS
29,0.321258,1,JP
10,0.321258,0,PB
17,0.323477,1,A
19,0.323477,1,A
21,0.323477,1,A
25,0.323477,1,A
14,0.323477,1,A
10,0.323477,1,BF
9,0.323477,1,BF
18,0.323477,1,JP
14,0.327542,0,BF
15,0.327542,1,BF
9,0.327542,0,BS
13,0.327542,0,BS
21,0.327542,1,BS
10,0.327542,0,BS
16,0.327542,1,BS
24,0.327869,1,BS
5,0.327869,0,BS
9,0.327869,0,BS
8,0.327869,0,BS
7,0.327869,0,BS
21,0.327869,0,JP
22,0.329412,0,A
16,0.329412,0,A
7,0.329412,0,PB
7,0.329682,1,BF
32,0.329682,1,BS
14,0.330004,0,RM
10,0.330004,0,RM
14,0.330004,0,RM
29,0.330004,0,RM
6,0.330004,0,RM
18,0.3301,0,RM
24,0.3301,0,RM
26,0.330477,1,JP
20,0.330477,1,JP
10,0.330477,0,PB
12,0.330477,0,PB
12,0.330477,0,PB
9,0.330477,0,PB
19,0.330644,1,A
16,0.330644,1,BF
15,0.330644,1,BF
23,0.330644,0,C
14,0.330644,0,C
10,0.330644,0,C
5,0.330644,0,C
5,0.330644,0,PB
15,0.332474,0,A
7,0.332474,0,A
10,0.332474,0,A
13,0.332474,0,A
11,0.332474,0,A
8,0.332474,0,A
15,0.332474,1,BF
27,0.332917,1,BS
10,0.332917,0,C
35,0.333407,1,A
9,0.333407,1,BF
7,0.333407,0,BF
8,0.333407,1,BF
5,0.333407,0,BF
16,0.333407,0,C
16,0.333922,1,A
32,0.333922,1,BS
8,0.333922,0,PB
7,0.333922,0,RM
23,0.334151,1,BF
37.5,0.334151,1,JP
25.5,0.334151,1,JP
5,0.335679,0,BF
18,0.335679,0,C
41,0.335679,0,C
30,0.335679,1,JP
25,0.335679,1,JP
8,0.336481,0,BF
9,0.336481,1,BF
11,0.336481,0,BF
13,0.336481,1,BF
10,0.336481,0,BS
12,0.336481,1,BS
23,0.336481,1,JP
18,0.336481,1,JP
35,0.336481,1,JP
5,0.338376,0,A
7,0.338376,0,BF
7,0.338376,0,BF
6,0.338376,0,BF
5,0.338376,0,BF
6,0.338376,0,BF
6,0.338376,0,BF
7,0.338376,0,BF
5,0.338376,0,BF
5,0.338376,0,BF
9,0.338376,0,BF
5,0.338376,1,BF
10,0.338376,1,BF
6,0.338376,0,BF
6,0.338376,0,PB
6,0.341799,0,BF
7,0.341799,0,BF
18,0.341799,0,BS
13,0.341799,0,BS
21,0.341799,1,BS
18,0.341799,0,BS
11,0.342239,1,BS
13,0.342239,0,PB
25,0.342915,1,A
15,0.342915,1,A
30,0.342915,1,A
28,0.342915,1,A
30,0.342915,0,A
24,0.342915,1,A
15,0.342915,1,A
13,0.342915,1,BF
5,0.344517,0,BF
6,0.344517,0,BF
13,0.344517,0,BS
17,0.344517,0,JP
22,0.345472,0,JP
30,0.345472,1,JP
16,0.345472,0,JP
16,0.345472,0,JP
21,0.345472,0,JP
14,0.345472,0,JP
18,0.345472,0,JP
10,0.346258,1,PB
13,0.346258,1,PB
27,0.34667,1,JP
22,0.34667,1,JP
32.5,0.34667,1,JP
8,0.347461,1,BS
11,0.347461,1,BS
14,0.347461,1,BS
15,0.351904,0,BS
12,0.351904,0,PB
10,0.351904,0,RM
12,0.351904,0,RM
11,0.351904,0,RM
6,0.35246,0,BF
6,0.35246,0,BF
5,0.35246,0,BF
8,0.35246,0,RM
32,0.354582,1,A
6,0.354582,0,BF
5,0.354582,0,BF
22,0.354582,0,C
14,0.354582,0,C
18,0.354582,0,C
17,0.354582,0,C
38,0.354582,0,C
12,0.354582,0,C
18,0.356787,1,BF
10,0.356787,0,BF
8,0.356787,0,BF
7,0.356787,0,BF
7,0.356787,0,PB
49.5,0.356803,1,RP
28,0.356974,1,A
10,0.356974,1,BS
31,0.35738,1,A
23,0.35738,1,A
29,0.35738,1,A
5,0.35738,0,BF
5,0.35738,0,BF
17,0.358291,0,BS
6,0.358291,0,PB
8,0.358713,0,BF
12,0.358713,0,C
14,0.358713,0,C
15,0.358713,0,C
12,0.358713,0,C
17,0.358713,0,C
15,0.358713,0,C
15,0.359444,1,BF
27,0.359444,1,BS
18,0.359444,0,BS
14,0.359444,1,BS
12,0.359444,0,PB
10,0.359694,0,BS
14,0.359694,0,PB
19,0.359694,0,PB
13,0.359694,0,PB
31,0.360357,1,JP
22,0.360357,1,JP
10,0.360357,0,PB
12,0.36057,0,BF
13,0.36057,0,BF
30,0.36057,1,BS
5,0.36057,0,RM
29,0.362757,1,JP
25,0.362757,1,JP
14,0.362757,0,PB
13,0.36291,1,A
18,0.36291,0,A
12,0.36291,0,A
9,0.36291,0,A
12,0.36291,0,A
11,0.36291,0,A
10,0.36291,0,A
8,0.36291,0,BF
24,0.363574,1,A
8,0.363574,0,BF
7,0.363574,0,BF
10,0.364261,1,BF
5,0.364261,0,BF
7,0.364261,1,BF
29,0.364536,1,JP
14,0.364536,1,JP
10,0.366172,0,BF
7,0.366172,0,BF
7,0.366172,0,BF
6,0.366172,0,BF
5,0.366172,0,BF
6,0.366172,0,BF
7,0.366172,0,BF
13,0.367316,1,A
13,0.367316,1,BF
7,0.367316,0,BS
25,0.367316,1,JP
16,0.367316,1,JP
9,0.367316,0,PB
17,0.36735,1,BF
15,0.36735,1,BS
19,0.36735,1,BS
27,0.36735,1,JP
20,0.36735,0,PB
12,0.367463,1,BF
15,0.367463,0,BS
8,0.367463,1,BS
33,0.37008,1,A
13,0.375813,1,BF
13,0.375813,1,BS
13,0.375813,0,BS
15,0.375813,1,BS
8,0.375813,1,BS
8,0.375813,1,BS
8,0.375813,1,BS
26,0.375813,1,JP
11,0.376297,1,BF
17,0.376297,1,BS
12,0.376297,0,BS
14,0.376297,1,BS
7,0.376297,1,C
10,0.376297,0,C
20,0.376297,1,JP
31,0.376297,1,JP
9,0.378216,0,BF
19,0.378216,0,BS
19,0.378216,1,BS
33,0.378216,1,JP
14,0.378216,0,PB
12,0.378216,0,PB
6,0.378216,1,PB
7,0.379872,0,BF
7,0.379872,0,BF
5,0.379872,0,BF
7,0.379872,0,BF
7,0.379872,0,BF
5,0.379872,0,BF
5,0.379872,0,BF
5,0.379872,0,BF
7,0.379872,0,BF
7,0.379872,0,BF
5,0.379872,0,BF
7,0.379872,0,BS
8,0.379872,1,BS
14,0.379872,0,BS
6,0.380303,0,BF
10,0.380303,0,PB
18,0.380303,0,PB
21,0.381272,1,RP
11,0.381465,1,BF
15,0.381465,1,BS
35.5,0.381465,1,JP
40,0.381465,1,RP
26,0.381465,1,RP
44,0.381465,1,RP
31.5,0.381465,1,RP
8,0.381702,0,BF
7,0.381702,0,BF
12,0.381702,0,BS
7,0.381702,1,PB
7,0.381702,1,PB
7,0.381702,0,PB
10,0.38226,0,BF
9,0.38226,0,BF
14,0.38226,0,PB
6,0.382829,0,A
32,0.382829,0,A
6,0.382829,0,BF
7,0.382829,0,BF
23,0.382829,0,BS
14,0.38297,0,BS
15,0.38297,0,BS
20,0.38297,0,BS
16,0.38297,0,BS
18,0.38297,1,BS
15,0.38297,0,C
16,0.38297,0,C
23,0.38297,0,C
19,0.38297,0,C
12,0.38297,0,C
34,0.38297,0,JP
39,0.38297,1,JP
20,0.38297,1,JP
15,0.38489,1,BS
19,0.38489,0,PB
19,0.38489,0,PB
11,0.38489,0,PB
29,0.38498,1,BF
21,0.38498,0,PB
15,0.38498,0,PB
11,0.386872,0,A
8,0.386872,0,BF
5,0.386872,0,BF
7,0.386872,0,BF
8,0.386872,0,BF
9,0.386872,0,BF
19,0.387864,1,BS
23,0.387864,1,BS
27,0.387864,0,C
13,0.387864,0,C
20,0.387864,0,C
15,0.387864,0,C
27,0.387864,1,JP
25,0.387864,1,JP
19,0.387864,0,PB
18,0.388031,1,A
22,0.388031,1,A
14,0.388031,1,BS
12,0.388031,1,JP
17,0.388031,1,JP
13,0.391278,1,BF
15,0.391278,1,BF
22,0.391278,1,BS
13,0.391801,1,BF
15,0.391801,1,BF
10,0.391801,1,BF
12,0.391801,1,BF
17,0.391801,1,BF
32,0.391997,1,A
25,0.391997,1,A
14,0.391997,1,BS
11,0.391997,1,BS
13,0.391997,1,BS
12,0.391997,1,BS
18,0.391997,1,JP
30,0.391997,1,JP
11,0.391997,1,PB
14,0.391997,0,PB
35,0.392487,1,A
25,0.392487,1,A
31,0.392487,1,A
14,0.392983,0,BA
8,0.392983,0,BA
7,0.392983,0,BA
14,0.393157,1,C
31,0.393157,0,PB
20,0.393369,0,C
23,0.393369,0,C
31,0.393369,1,JP
30,0.393369,1,JP
7,0.393369,0,PB
15,0.393877,1,A
18,0.393877,1,A
19,0.393877,1,A
19,0.393877,1,A
14,0.393877,1,A
14,0.393877,1,BS
17,0.394674,1,BS
39,0.394674,1,JP
8,0.394898,0,BF
6,0.394898,0,BF
6,0.394898,0,BF
5,0.394898,0,BF
14,0.394898,1,BS
6,0.394898,0,PB
11,0.394898,0,RM
14,0.395517,0,BS
8,0.395517,0,PB
19,0.39603,0,BA
13,0.39603,0,BA
18,0.39603,0,BA
10,0.39603,0,BA
14,0.39603,0,BA
35,0.398671,1,A
14,0.398671,1,A
29,0.398671,1,A
30,0.398671,1,A
13,0.398671,0,BF
18,0.398671,0,PB
21,0.40016,1,A
29,0.40016,1,JP
22.5,0.40016,1,JP
38,0.40016,1,JP
20,0.400349,0,C
17,0.400349,0,C
27,0.400349,0,C
30,0.400349,0,C
20,0.400349,0,PB
23,0.400349,0,PB
10,0.400867,0,A
12,0.400867,0,BF
11,0.400867,0,BF
14,0.400867,0,BF
7,0.400867,0,BF
7,0.400867,0,BS
33,0.40213,1,A
54,0.40213,1,A
5,0.402528,0,BF
7,0.402528,0,BF
7,0.402528,0,BF
6,0.402528,0,BF
12,0.402528,0,BS
6,0.402528,0,BS
6,0.402528,0,BS
28,0.403794,0,A
26,0.403794,0,A
7,0.403794,1,BF
10,0.403794,1,BS
15,0.403794,1,BS
8,0.404768,0,BF
25,0.404768,1,PB
7,0.404833,0,BF
15,0.404833,1,BS
5,0.404833,0,BS
7,0.404833,0,BS
8,0.404833,0,BS
8,0.404833,0,BS
7,0.404833,0,BS
15,0.404933,0,A
11,0.404933,0,BF
12,0.404933,0,PB
10,0.404933,0,PB
10,0.404933,0,PB
8,0.404933,0,PB
5,0.404933,1,PB
14.5,0.405713,1,BS
13,0.405713,0,C
10.5,0.405713,0,PB
9.5,0.405713,0,PB
30,0.405954,1,A
24,0.405954,1,A
28,0.405954,1,BS
16,0.405954,1,BS
21,0.405954,0,C
8,0.406581,1,BF
9,0.406581,0,BS
30,0.406581,0,JP
28,0.406581,0,JP
9,0.406581,0,PB
5,0.406581,0,RM
12,0.406613,1,BF
8,0.406613,0,BF
21,0.406613,1,BS
15,0.406613,1,BS
16,0.406781,1,A
15,0.406781,1,BF
6,0.406781,1,BF
10,0.406781,1,BF
8,0.406781,1,BF
10,0.406781,1,BF
26,0.408082,1,A
24,0.408082,1,A
22,0.408082,1,A
26,0.408082,1,A
24,0.408765,1,JP
23.5,0.408765,1,JP
17,0.408765,0,PB
14.5,0.408765,0,PB
21,0.409336,1,BS
10,0.409336,1,BS
14,0.409336,1,BS
15,0.409336,1,BS
15,0.409336,0,C
14.5,0.409336,0,C
39.5,0.409336,1,RP
34.5,0.409336,1,RP
13,0.409826,1,BS
17,0.409826,1,BS
36,0.409826,1,JP
27,0.409826,1,JP
32,0.409826,1,JP
8,0.416345,0,BF
12,0.416345,0,BS
24,0.416345,1,JP
16,0.416345,1,JP
13,0.416345,1,JP
12,0.416345,0,JP
17,0.416345,0,JP
14,0.416345,1,JP
17,0.416345,1,JP
17,0.416345,0,JP
12,0.41769,1,BS
12,0.41769,1,BS
20,0.41769,1,JP
25,0.41769,1,JP
7,0.420598,0,BF
7,0.420598,0,BF
17,0.420598,0,BS
24,0.423524,1,BS
9,0.423881,0,BS
14,0.423881,0,JP
17,0.4239,1,BS
21,0.4239,1,BS
17,0.4239,1,BS
22,0.4239,0,BS
20.5,0.4239,0,PB
27,0.4239,0,PB
8,0.425459,0,BF
8,0.425459,0,BS
10,0.425669,1,BF
17,0.425669,1,BS
33,0.425669,1,JP
20,0.42588,1,BS
27,0.42588,1,JP
13,0.42588,1,JP
7,0.429114,0,BF
22,0.429114,0,PB
11.5,0.429305,1,BF
13.5,0.429305,1,BF
37.5,0.429305,1,JP
44,0.429305,1,JP
39,0.429305,1,JP
15.5,0.429305,0,PB
13,0.431386,0,BS
12,0.431386,1,BS
10,0.431386,0,C
17,0.431386,0,C
8,0.431386,0,C
10,0.431386,0,C
9,0.431386,0,C
8,0.431386,0,C
7,0.431386,0,PB
9,0.431416,1,BS
9,0.431416,0,BS
16,0.431416,1,BS
5,0.431416,0,C
7,0.431416,0,C
11,0.431416,0,C
12,0.431416,0,C
13,0.431416,0,C
9,0.431416,0,C
8,0.431416,0,C
15,0.434976,1,BF
14,0.435212,1,BA
10,0.435212,0,BF
7,0.435212,0,BF
8,0.435212,0,BF
20,0.435212,1,BS
8,0.435212,0,PB
13,0.435212,0,PB
6,0.435212,0,RM
12,0.437452,1,BS
10,0.437452,1,BS
15,0.437452,1,BS
10,0.437452,0,BS
7,0.437452,0,BS
6,0.437452,0,BS
18,0.437452,1,BS
32,0.437452,1,JP
16,0.438073,1,BS
17,0.438073,1,BS
6,0.438073,0,PB
6,0.438073,0,PB
14,0.438073,1,PB
20,0.438073,1,PB
14,0.438073,0,PB
22,0.438073,1,PB
12,0.438073,1,PB
5,0.439344,0,PB
26,0.441333,1,A
14,0.441635,0,BF
13,0.441635,1,BS
20,0.441635,1,BS
15,0.441635,1,BS
6,0.441635,0,BS
22,0.441635,0,C
23,0.441635,1,JP
32,0.441635,0,JP
15,0.441635,1,JP
27,0.441635,1,JP
8,0.441635,0,PB
9,0.441635,1,PB
8,0.443507,0,BS
8,0.443507,1,BS
11,0.443507,1,BS
11,0.443507,0,C
9,0.443507,0,C
9,0.443507,0,C
8,0.443507,0,C
17,0.443507,1,C
10,0.443507,0,C
12,0.443507,0,C
11,0.443507,0,PB
26,0.44398,1,A
24,0.44398,1,A
19,0.44398,1,A
8,0.44398,0,BF
11,0.44398,1,BS
14,0.444747,1,BS
12,0.444747,1,BS
16,0.444747,0,PB
10,0.444747,0,PB
7,0.445453,0,BS
11,0.445453,0,C
29,0.445453,0,C
20,0.445453,0,C
11,0.445453,0,C
16,0.445453,0,C
12,0.445453,0,C
16,0.445993,0,BS
16,0.445993,1,JP
29,0.445993,0,PB
11,0.448048,0,BF
16,0.448048,1,BF
7,0.448048,0,BF
8,0.448048,0,PB
14,0.449021,1,A
16,0.449021,1,A
16,0.449021,1,A
10,0.449627,0,BF
15,0.449627,1,BS
22,0.449627,0,BS
22,0.449627,0,RM
13,0.449627,0,RM
8,0.450835,1,BF
5,0.450835,0,BF
7,0.450835,1,BF
9,0.450835,0,BF
17,0.450835,1,BS
17,0.450835,1,JP
17,0.453102,1,A
21,0.453102,1,JP
25,0.453102,1,JP
13,0.453102,1,JP
20,0.453102,1,JP
15,0.453102,1,JP
21,0.453102,1,JP
18,0.453102,1,JP
10,0.453102,0,PB
7,0.455902,1,BF
10,0.455902,0,PB
10,0.45746,0,BS
11,0.45746,0,BS
11,0.45746,0,BS
8,0.45746,1,BS
29,0.45746,0,JP
24,0.45746,0,JP
23,0.45746,1,JP
15,0.457488,1,A
21,0.457488,1,A
13,0.457488,1,A
15,0.457488,1,A
19,0.457488,1,A
20,0.457488,1,A
27,0.457488,1,A
17,0.459406,1,BF
17,0.459406,0,BS
15,0.459406,1,BS
30,0.459406,1,BS
9,0.459406,0,BS
16,0.461366,0,BS
15,0.461366,1,BS
14,0.461366,0,BS
14,0.461366,1,BS
17,0.461366,1,BS
18,0.461366,1,JP
35,0.461366,1,JP
27,0.461366,0,JP
10,0.461674,0,BS
6,0.461674,1,C
30,0.461674,1,JP
18,0.461674,1,JP
27,0.461674,1,JP
13,0.461674,1,JP
26,0.461674,1,JP
8,0.465298,1,BS
6,0.465298,0,BS
20,0.465298,1,PB
25,0.465298,1,PB
17,0.466155,1,BF
5,0.466155,1,BF
5,0.466155,0,BF
6,0.466155,0,BF
7,0.466155,0,BS
14,0.466155,0,PB
10,0.467157,1,BS
11,0.467157,1,BS
20,0.467157,1,BS
16,0.467157,1,BS
28,0.467157,1,JP
6,0.467157,1,PB
6,0.467157,0,PB
9,0.467301,1,BF
13,0.467301,1,BF
10,0.467301,1,BF
23,0.467301,0,C
12,0.467301,0,C
5,0.469594,0,BF
20,0.469594,1,BF
26,0.469594,0,PB
17,0.46983,1,BS
12,0.46983,0,C
5,0.46983,0,C
43,0.46983,1,RP
34,0.46983,1,RP
13,0.469871,1,BF
10,0.469871,0,BS
20,0.469871,0,BS
11,0.469871,1,BS
11,0.469871,0,C
18,0.469871,0,C
12,0.469871,0,JP
22,0.469871,0,JP
18,0.469871,0,JP
12,0.469871,0,JP
23,0.469871,0,JP
20,0.469871,0,JP
9,0.469987,1,BF
12,0.469987,1,BS
12,0.469987,1,BS
10,0.469987,1,BS
18,0.469987,1,BS
11,0.469987,0,PB
46,0.470667,1,A
40,0.470667,1,A
14,0.470667,0,BS
20,0.470667,0,BS
16,0.470667,1,BS
22,0.475169,1,BF
8,0.475346,0,PB
7,0.475346,0,PB
8,0.475346,0,PB
7,0.475346,0,PB
8,0.475346,0,PB
9,0.475346,0,PB
7,0.475346,0,PB
5,0.475346,0,PB
7,0.475346,0,PB
9,0.475346,0,PB
5,0.475346,0,PB
11,0.475346,0,PB
8,0.476106,0,BF
9,0.476106,0,BF
7,0.476106,1,BF
15,0.476106,0,BS
29,0.476106,1,JP
8,0.476106,0,PB
10,0.476106,0,PB
9,0.476106,0,PB
25,0.476351,1,BS
13,0.476351,1,C
26,0.476351,1,JP
30,0.476351,1,JP
16,0.476351,1,JP
30,0.477266,1,BS
23,0.477266,1,BS
35,0.477266,1,BS
16,0.477266,1,BS
17,0.477266,1,JP
5,0.478474,0,BF
10,0.478474,0,BF
30,0.479198,1,JP
10,0.480554,1,BF
20,0.480554,1,BS
16,0.480554,1,BS
20,0.480554,1,BS
10,0.481444,0,BF
6,0.481444,0,BF
8,0.481444,0,BF
8,0.481444,0,BF
29,0.481444,1,BS
13,0.481444,0,BS
23,0.481444,0,BS
8,0.481444,0,BS
8,0.481444,0,BS
8,0.481444,0,BS
6,0.481444,0,BS
5,0.481444,0,BS
6,0.481444,0,PB
5,0.481444,0,PB
14,0.481949,1,BS
30,0.481949,1,JP
31,0.481949,1,JP
30,0.482804,0,PB
58,0.482804,1,RP
35,0.483439,1,RP
17,0.483664,1,BS
18,0.483664,1,BS
19,0.483664,1,BS
9,0.483664,0,PB
7,0.483664,0,RM
17,0.485657,1,BS
27,0.485657,0,C
14,0.485725,1,BS
19,0.485725,0,BS
9,0.485725,1,BS
10,0.485725,0,BS
12,0.485725,0,BS
33,0.485725,1,JP
16,0.485725,0,PB
9,0.487986,1,C
7,0.487986,0,C
10,0.487986,0,PB
12,0.487986,0,PB
13,0.487986,0,PB
6,0.487986,0,PB
11,0.488089,1,BF
11,0.488089,1,BS
10,0.488089,1,BS
34,0.488089,1,RP
41,0.488623,1,A
39,0.488623,1,A
18,0.488623,1,BF
16,0.488623,0,PB
19.5,0.491077,1,BF
20,0.491077,1,BF
13.5,0.491077,1,BF
14,0.491077,1,BF
16,0.491077,0,BF
19.5,0.491077,1,JP
27,0.491077,1,JP
24,0.491077,1,JP
29,0.491077,1,JP
29,0.491077,1,JP
35,0.491077,1,JP
20.5,0.491077,1,JP
85,0.49147,0,RP
13,0.491829,1,BS
12,0.491829,1,BS
9,0.491829,0,BS
15,0.491829,1,BS
17,0.491829,1,BS
16,0.491829,0,BS
12,0.491829,1,BS
13,0.492516,1,BS
13,0.492516,1,BS
17,0.492516,1,JP
15,0.492516,1,JP
17,0.492516,1,JP
23,0.492516,1,JP
18,0.492516,1,JP
15,0.492516,1,JP
9,0.492516,1,JP
36,0.494013,1,RP
8,0.4944,0,BS
8,0.4944,1,BS
7,0.4944,0,BS
22,0.49469,0,C
20,0.49469,0,C
38,0.495455,1,JP
10,0.495455,1,JP
30,0.495455,1,JP
7,0.495455,0,PB
11.5,0.497046,1,BS
11.5,0.497046,0,BS
9,0.500578,0,BF
9,0.500578,0,JP
8,0.500887,1,BF
6,0.500887,0,BF
15,0.500887,1,BS
23,0.500887,0,BS
17,0.500887,0,BS
7,0.500887,1,PB
6,0.501032,0,BF
7,0.501032,0,BF
12,0.501032,1,BF
7,0.501032,0,BS
19,0.501032,1,BS
20,0.501032,1,BS
5,0.501032,0,BS
7,0.501032,1,BS
5,0.501032,0,PB
5,0.501032,0,PB
6,0.501032,0,PB
13,0.50111,1,JP
16,0.50111,1,JP
24,0.50111,1,JP
29,0.50111,1,JP
15,0.50111,1,JP
16,0.50111,1,JP
19,0.50111,1,JP
13,0.502487,1,BF
15,0.502487,0,BS
17,0.502934,1,BS
31,0.502963,1,JP
10,0.503722,0,A
15,0.503722,0,A
14,0.503722,1,BF
8,0.503722,0,PB
19,0.505867,0,C
36,0.505867,0,C
19,0.505867,0,C
19,0.505867,1,C
18,0.505867,0,C
15,0.506657,1,BS
10,0.506657,1,PB
14,0.507574,1,BS
11,0.507574,1,BS
11,0.507574,1,BS
15,0.507574,1,BS
35,0.507574,1,JP
13,0.507574,0,PB
12,0.507574,0,PB
27,0.508017,1,A
22,0.508017,1,BS
30,0.508017,1,JP
15,0.508017,1,JP
27,0.508017,1,JP
25,0.508017,1,JP
45,0.508672,1,A
49,0.508672,1,A
17,0.508672,0,BF
12,0.508672,1,BF
14,0.508672,1,BS
12,0.508672,0,PB
13,0.508672,0,PB
18,0.508672,1,PB
37,0.511376,0,A
9,0.511376,0,BF
5,0.511376,0,BF
10,0.512248,1,BF
8,0.512248,0,BS
7,0.512248,0,BS
7,0.512248,1,BS
17,0.512248,1,BS
18,0.512248,1,BS
15,0.512248,1,BS
15,0.512248,1,BS
22,0.512248,1,BS
9,0.512248,0,C
9,0.512248,0,PB
30,0.512713,0,A
20,0.512713,1,BS
24,0.514915,1,BS
14,0.514915,1,BS
10,0.514915,1,BS
12,0.514915,0,PB
10,0.514915,1,PB
12,0.514915,1,PB
25,0.51581,1,A
14,0.51581,1,A
10,0.51581,1,BF
12,0.51581,0,BS
14,0.51581,0,BS
20,0.51581,1,JP
21,0.51581,1,JP
8,0.51581,0,PB
22,0.51676,1,A
15,0.51676,1,BS
24,0.51676,1,JP
11,0.51676,1,JP
24,0.51676,1,JP
23,0.51676,1,JP
32,0.517177,1,JP
41,0.517177,1,JP
10,0.517381,1,BS
5,0.517381,0,BS
12,0.520945,0,BS
12,0.520945,0,PB
25,0.52243,1,A
16,0.522453,1,BF
18,0.522453,1,BS
27,0.522453,1,BS
12,0.522453,1,BS
25,0.522453,1,JP
22,0.522453,1,JP
22,0.522453,1,JP
7,0.522657,0,BF
9,0.522657,1,BS
11,0.522657,1,BS
17,0.522657,1,JP
5,0.522657,0,PB
18,0.52337,1,BS
13,0.52337,1,JP
25,0.52337,1,JP
29,0.52337,1,JP
10,0.52337,0,PB
13,0.52337,1,PB
9,0.52337,0,PB
15,0.52337,0,PB
12,0.525126,1,BF
16,0.525126,1,BS
20,0.525126,1,BS
22,0.525126,1,JP
26,0.525126,0,JP
32,0.525126,1,JP
26,0.525126,1,JP
22,0.528696,1,JP
22,0.528696,1,JP
19,0.528696,1,JP
26.5,0.528696,1,JP
8,0.529768,0,C
13,0.529768,0,C
15,0.529768,1,C
29,0.529768,1,JP
11,0.531934,1,BS
8,0.531934,1,BS
8,0.531934,1,BS
5,0.531934,0,BS
9,0.531934,0,BS
9,0.531934,0,BS
33,0.531934,1,JP
30,0.53267,1,A
31,0.53267,1,A
23,0.53267,1,A
31,0.533063,1,A
24,0.533063,1,A
17,0.533063,1,BF
30,0.533063,1,JP
35,0.533063,1,JP
7,0.534748,0,BF
5,0.534748,0,BF
5,0.534748,0,BF
5,0.534748,0,BF
12,0.535041,1,BS
13,0.535041,1,BS
12,0.535041,0,BS
29,0.535041,0,JP
16,0.535041,0,PB
35,0.536359,0,A
6,0.536359,0,BF
6,0.536359,0,BF
7,0.536359,0,BF
6,0.536359,0,BF
35,0.537142,1,PB
21,0.542241,1,BS
32,0.542241,1,JP
40,0.543074,1,RP
9.5,0.545287,0,BF
32.5,0.545287,1,JP
36,0.54559,1,A
18,0.54559,0,BS
13.5,0.54559,0,BS
18,0.54559,1,RM
20,0.54559,0,RM
21.5,0.54559,0,RM
22,0.54559,1,RM
17,0.547608,1,BS
19,0.547608,0,C
16,0.547608,1,PB
18,0.548117,0,A
6,0.548117,0,BA
9,0.548117,0,BA
15,0.548117,0,BA
17,0.548117,0,BA
11.5,0.548117,0,BA
11,0.548117,0,BA
15,0.548117,0,BA
7,0.548117,0,BA
10,0.548117,0,BA
6,0.548117,0,BA
20,0.548117,0,BF
19,0.550695,1,BS
10,0.550695,1,BS
18.5,0.550695,1,BS
13,0.550695,1,BS
17,0.550695,1,JP
23,0.550695,1,JP
25,0.550695,1,JP
26,0.550695,1,JP
16,0.551895,1,A
17,0.551895,1,A
25,0.551895,1,A
18,0.551895,1,A
22,0.551895,1,A
20,0.551895,1,A
13,0.551895,1,BF
13,0.553382,1,A
20,0.553382,1,A
21,0.553382,0,A
22,0.553382,0,A
8,0.553382,0,BF
13,0.553382,1,BS
6,0.553382,0,BS
19,0.553382,1,BS
11,0.553382,0,BS
14,0.553382,0,BS
29,0.553382,1,JP
16,0.553677,1,BS
13,0.553677,1,BS
18,0.553677,1,BS
18,0.553677,1,BS
13,0.553677,0,BS
15,0.553677,1,BS
28,0.553944,1,BF
24,0.553944,1,JP
5,0.55502,0,BF
5,0.55502,0,BF
6,0.556445,0,BS
13,0.556445,0,C
12,0.556445,0,C
12,0.556445,0,RM
47,0.558492,0,A
39,0.558492,1,A
36,0.558492,1,A
40,0.558492,1,A
17,0.558492,1,BF
24,0.558492,1,BF
18,0.558492,0,BS
14,0.558492,0,BS
12,0.558492,0,C
28,0.55892,1,A
33,0.55892,0,A
32,0.55892,0,A
7,0.55892,0,BS
7,0.55892,1,BS
9,0.55892,1,BS
16,0.55892,1,BS
9,0.55892,1,BS
8,0.55892,1,BS
11,0.55892,0,PB
6,0.55892,0,RM
7,0.560545,0,BF
9,0.560545,0,BF
8,0.560545,0,BF
8,0.560545,0,BF
9,0.560545,0,BF
10,0.560545,0,BF
6,0.560545,0,BF
5,0.560545,0,BF
6,0.560545,0,BF
5,0.560545,0,BF
7,0.560545,0,BF
5,0.560545,0,BF
5,0.560623,0,A
8,0.560623,1,BF
18,0.560623,1,BS
22,0.560623,1,BS
8,0.561061,0,BS
11,0.561061,1,BS
14,0.561061,0,BS
7,0.561061,1,BS
7,0.561061,0,BS
6,0.561061,0,BS
5,0.561061,0,BS
19,0.561061,1,JP
30,0.561061,1,JP
36,0.561226,1,A
13,0.561226,1,BF
25,0.561226,1,JP
17,0.561226,0,PB
19,0.562645,1,BS
16.5,0.562645,1,BS
14,0.562645,1,BS
16,0.562645,0,PB
17,0.562645,1,PB
18,0.562645,0,PB
14.5,0.562645,0,PB
15,0.562645,0,PB
32,0.563695,1,A
30,0.563695,0,A
31,0.563695,1,A
24,0.563695,0,A
30,0.563695,1,BS
21,0.563695,1,BS
8,0.563695,0,PB
5,0.563695,0,RM
28,0.565152,1,BF
10,0.565749,0,BS
8,0.565749,1,BS
9,0.565749,1,BS
20,0.565749,1,JP
18,0.565749,1,JP
13,0.565749,1,JP
23,0.565749,1,JP
17,0.565749,1,JP
12,0.565749,1,JP
21,0.568783,1,BS
9,0.569819,0,C
6,0.569819,0,PB
10,0.569877,0,BS
9,0.569877,1,BS
9,0.569877,0,BS
9,0.569877,0,BS
9,0.569877,1,BS
9,0.569877,0,PB
10,0.569877,0,PB
32,0.570761,1,JP
17,0.57151,0,A
9,0.57151,0,BS
10,0.57151,1,BS
14,0.57151,0,BS
17,0.57151,0,BS
19,0.57151,1,BS
7,0.57151,0,BS
8,0.57151,0,BS
7,0.57151,0,BS
16,0.57151,0,BS
7,0.57151,0,PB
10,0.572518,1,BS
9,0.572518,0,C
10,0.572518,1,C
13,0.572518,0,C
13,0.572518,0,C
30,0.572518,1,JP
23,0.572518,1,JP
9,0.572518,0,PB
12,0.57293,1,BS
19,0.57293,1,BS
21,0.57293,1,BS
17,0.57293,0,BS
18,0.57293,0,BS
46,0.572981,0,A
31,0.572981,1,JP
29,0.572981,1,JP
28.5,0.572981,0,JP
19,0.576556,1,BS
27,0.577141,1,A
34,0.577141,1,A
28,0.577141,1,A
18,0.577141,1,BS
14,0.577141,1,BS
13,0.577141,0,PB
33,0.57891,1,JP
15,0.57891,1,PB
20,0.57891,1,PB
27,0.579711,1,A
11.5,0.579711,1,BF
11.5,0.579711,1,BF
25,0.579711,1,BS
14,0.579711,1,BS
13.5,0.579711,1,PB
14,0.579787,0,A
6,0.579787,0,BF
5,0.579787,0,BF
16,0.581165,1,JP
19,0.581165,1,JP
14,0.581165,1,JP
12,0.581165,0,PB
17,0.581165,0,PB
7,0.581165,0,PB
6,0.581735,1,BF
18,0.581735,1,JP
20,0.581735,1,JP
19,0.581735,0,JP
22,0.581735,1,JP
23,0.581735,1,JP
14,0.581735,1,JP
12,0.581735,1,JP
12,0.582118,1,BF
11,0.582118,1,BF
25,0.582118,1,BS
19,0.582118,0,C
15,0.582118,1,C
35,0.582118,1,JP
15,0.587466,1,BF
11,0.587466,1,BS
10,0.587466,1,BS
6,0.587466,0,BS
16,0.587466,0,PB
14,0.587466,0,PB
10,0.587743,0,BS
18,0.587743,1,BS
17,0.587743,1,BS
12,0.587743,1,BS
17,0.587743,1,BS
11,0.587743,0,C
21,0.587743,1,C
16,0.587743,0,C
12,0.587743,0,C
11,0.587743,0,C
42,0.589385,1,C
13,0.589385,1,C
15,0.589385,1,C
15,0.589385,1,C
15,0.589385,0,C
30,0.589385,0,C
10,0.589385,0,C
15,0.589385,0,C
10,0.589385,0,PB
14,0.589396,1,BS
44,0.589396,1,JP
28,0.589396,1,JP
12,0.590572,1,BS
20,0.590572,1,C
18,0.590572,1,C
15,0.590572,0,C
8,0.590572,0,C
9,0.590572,0,C
9,0.592865,0,BF
29,0.592865,1,BS
19,0.593677,1,BF
26,0.593677,1,BS
10,0.593677,1,BS
14,0.593677,1,BS
8,0.593677,0,BS
27,0.593677,1,BS
25,0.595877,0,A
18,0.595877,0,A
17,0.595877,1,JP
7,0.596479,0,BS
9.5,0.596479,0,BS
23,0.597139,1,A
28.5,0.597139,1,A
11,0.597139,1,BS
35,0.597139,1,JP
11,0.599994,1,BF
16,0.599994,1,BS
18,0.599994,0,BS
31,0.600083,1,A
13,0.600083,0,BS
20,0.600083,1,BS
27,0.600083,1,JP
28,0.600083,1,JP
28,0.60074,1,A
24,0.60074,0,A
17,0.60074,1,BS
10,0.60074,1,PB
25,0.602041,1,JP
38,0.602041,1,JP
34,0.60234,1,RP
19,0.602461,1,BS
15,0.602461,1,BS
15,0.602461,0,PB
16,0.602545,1,BF
15,0.602545,0,BS
12,0.602545,1,BS
16,0.602545,1,BS
25,0.602545,0,PB
17,0.602545,0,PB
27,0.602545,0,PB
20,0.602545,0,PB
14,0.602837,1,BF
10,0.602837,1,BS
5,0.602837,0,PB
5,0.602837,0,PB
5,0.602837,0,PB
20,0.6045,1,A
23,0.6045,1,A
28,0.6045,1,A
19,0.6045,1,A
11,0.6045,1,BF
11,0.6045,0,PB
22,0.60646,1,BF
24,0.60646,1,JP
34,0.60646,1,JP
32,0.60646,1,JP
34,0.607187,1,A
20,0.607187,1,A
30,0.607187,1,A
37,0.607187,1,A
23,0.607187,1,BS
16,0.607187,1,BS
26,0.607187,1,BS
11,0.609595,1,BF
15,0.609595,1,BS
11,0.609595,0,C
24,0.609595,1,C
10,0.609595,0,C
18,0.609595,0,PB
12,0.609595,1,PB
13,0.609595,1,PB
20,0.609595,1,PB
15,0.612655,1,BF
30,0.612655,1,PB
48,0.612655,1,RP
5,0.612902,0,PB
12,0.616147,1,BS
28,0.616147,1,JP
23,0.616147,1,JP
22,0.616147,1,JP
24,0.616147,1,JP
28,0.620277,1,JP
12,0.620277,1,PB
36,0.621896,1,A
42,0.621896,0,A
11,0.621896,0,RM
14,0.621896,0,RM
12,0.621896,0,RM
18,0.622534,1,A
32,0.622534,1,A
6,0.625261,1,BF
6,0.625261,0,BF
6,0.625261,0,BF
17,0.625261,0,BS
26,0.625261,1,JP
33,0.625833,1,A
30,0.625833,0,A
8,0.625833,1,BF
14,0.625833,0,PB
13,0.625833,0,PB
10,0.625833,0,PB
6,0.625901,0,BF
6,0.625901,0,BF
9,0.625901,0,BF
14,0.625901,1,BS
6,0.625901,0,BS
9,0.625901,0,BS
13,0.625901,1,JP
16,0.625901,1,JP
15,0.628146,1,BS
14,0.628146,1,BS
14,0.628146,0,BS
13,0.628146,1,BS
11,0.628146,1,BS
11,0.628146,1,BS
15,0.628146,1,BS
17,0.628146,1,BS
13,0.628146,1,BS
12,0.628146,1,BS
19,0.628146,1,BS
30.5,0.629798,1,A
24,0.630629,1,A
25,0.630629,1,A
25,0.630629,1,A
15,0.630629,1,A
22,0.630629,1,A
22,0.630629,1,A
29,0.630629,1,A
25.5,0.630629,1,A
21,0.630629,1,A
25,0.63175,1,BF
39,0.63175,0,JP
11,0.633624,1,BF
9,0.633624,1,BF
14,0.633624,1,BF
33,0.633624,1,JP
14,0.633624,0,PB
20,0.635049,0,BS
18,0.635049,1,BS
24,0.635049,1,JP
16,0.635049,1,JP
17,0.635049,1,JP
17,0.635049,1,JP
30.5,0.635325,1,A
19.5,0.635325,1,BS
12,0.635325,1,BS
19,0.638334,1,BF
20,0.638334,1,BF
21,0.638334,1,BS
25,0.638334,1,JP
26,0.638334,1,JP
19,0.638797,0,BS
6,0.638797,0,PB
18,0.638797,1,PB
34,0.638797,1,PB
9,0.639188,0,BF
26,0.639188,1,BS
18,0.639188,0,BS
8,0.639188,0,PB
19,0.639231,1,BS
10,0.639231,1,BS
22.5,0.639231,0,PB
17.5,0.639231,0,PB
16,0.639231,0,PB
27,0.639582,1,A
29,0.639582,1,A
23,0.639582,1,A
24,0.639582,1,A
24,0.639582,1,A
16,0.639582,1,BF
15,0.639582,1,PB
17,0.639582,1,PB
30,0.640874,1,A
34,0.640874,1,A
5,0.640874,0,C
6,0.640874,0,C
8,0.640874,0,C
16,0.641303,1,BS
18,0.641303,0,BS
12,0.641303,0,BS
26,0.641303,0,PB
16,0.641339,1,A
7,0.641339,1,BF
17,0.641339,1,BF
10,0.641339,1,BS
11,0.641339,1,BS
17,0.643186,1,BS
17.5,0.643186,1,BS
20,0.643186,1,BS
45,0.643186,1,RP
48.5,0.643186,1,RP
20,0.647292,1,BF
13,0.647292,1,BS
15,0.647292,1,BS
9,0.647292,1,BS
10,0.647292,1,BS
12,0.647292,0,C
16,0.650541,1,PB
6,0.650541,0,PB
7,0.650541,0,PB
15,0.650541,1,PB
16,0.650541,0,PB
13,0.650541,1,PB
19,0.651572,1,BF
42,0.651572,1,JP
21,0.65194,1,A
10,0.65194,1,BS
16,0.65194,1,BS
13,0.65194,1,BS
27,0.65194,1,JP
19,0.65194,1,JP
20,0.65194,0,JP
18,0.65194,1,JP
22,0.652045,0,BS
14,0.652045,1,BS
25,0.652045,1,JP
32,0.652045,1,JP
13.5,0.653243,1,BS
20,0.653243,1,BS
35,0.653243,1,JP
34,0.653243,1,JP
26,0.653384,1,A
6,0.653384,0,BF
8,0.653384,0,BF
12,0.653384,1,C
15,0.653689,1,BS
12,0.653689,1,BS
11,0.653689,1,BS
19,0.653689,0,PB
12,0.653689,0,PB
11,0.653689,0,PB
12,0.653689,1,PB
14,0.653689,1,PB
9,0.653722,1,BF
16,0.653722,1,BS
11,0.653722,0,BS
14,0.653722,1,BS
11,0.653722,1,BS
8,0.653722,0,BS
9,0.653722,1,BS
8,0.653722,0,BS
33,0.653722,1,JP
14,0.653722,0,PB
17,0.653722,0,PB
12,0.653722,0,PB
16,0.655967,1,BF
13,0.655967,1,BS
32,0.655967,1,JP
9,0.655967,1,PB
6,0.655967,0,PB
7,0.655979,0,BF
6,0.655979,0,BF
5,0.655979,0,BF
7,0.655979,0,BS
15,0.655979,1,BS
24,0.657143,1,A
29,0.657143,0,A
30,0.657143,0,A
15,0.657143,1,BF
12,0.657143,0,BS
9,0.658442,0,BS
11,0.658442,1,BS
18,0.658442,1,JP
23,0.658442,1,JP
22,0.658442,1,JP
16,0.658442,1,JP
17,0.658442,1,JP
12,0.658442,1,JP
8,0.658482,0,BS
14,0.658482,1,BS
9,0.658482,1,BS
10,0.658482,0,PB
8,0.658482,1,RM
11,0.658482,0,RM
12,0.658482,0,RM
14,0.658482,0,RM
15,0.65926,1,BS
14,0.65926,1,BS
14,0.65926,1,BS
37,0.65926,1,JP
32,0.65926,1,JP
32,0.660175,1,A
16,0.660175,1,A
22,0.660175,0,A
18,0.660175,1,A
24,0.660175,1,A
20,0.660175,1,A
16,0.660175,1,A
24,0.660175,1,A
18,0.660175,1,BF
10,0.660605,1,BS
12,0.660605,1,BS
12,0.660605,0,BS
8,0.662489,0,BF
15,0.662489,1,BF
10,0.662489,0,BF
25,0.662489,0,PB
9,0.662489,0,RM
15,0.662965,1,BS
13,0.66314,1,A
19,0.66314,1,A
21,0.66314,1,A
22,0.66314,1,A
20,0.66314,1,A
11,0.663976,1,BS
15,0.663976,1,BS
20,0.664044,1,A
24,0.664044,1,A
11,0.664044,1,BS
9,0.664044,0,C
8,0.664813,0,BS
18,0.666723,1,A
12,0.669326,1,A
30,0.669326,1,A
28,0.669326,1,A
27,0.669326,1,A
26,0.669326,0,A
21,0.669579,1,A
21,0.669579,1,A
14,0.669579,1,A
15,0.669579,1,A
22,0.669579,1,A
23,0.669579,1,A
25,0.669579,1,A
23,0.669579,1,A
15,0.669579,1,A
12,0.669579,1,BF
25.5,0.669579,1,JP
24,0.669579,1,JP
24,0.669579,1,JP
11,0.670223,1,BF
14,0.670223,1,BS
35,0.670223,1,JP
18,0.670223,1,JP
23,0.670223,1,JP
11,0.670223,1,PB
14,0.670223,0,PB
15,0.670223,1,PB
12,0.671354,1,BF
6,0.671354,0,PB
8,0.671354,0,PB
27,0.672319,1,A
17.5,0.673027,1,BS
18,0.673027,1,BS
15,0.673027,1,BS
21,0.673027,1,BS
12,0.673027,1,BS
19,0.673027,1,BS
13.5,0.673027,1,PB
11.5,0.673027,1,PB
12,0.673027,1,PB
17,0.673027,0,PB
24,0.676434,1,A
20,0.676434,1,A
22,0.676434,1,A
31,0.676434,1,A
16,0.676434,1,BF
14,0.676434,1,BF
14,0.676434,1,BS
15,0.676434,1,BS
19,0.676434,1,JP
17,0.676434,1,PB
26,0.676434,1,PB
19,0.676434,1,PB
32,0.676905,1,A
32,0.677028,1,A
9.5,0.677028,1,BF
23,0.677028,0,BF
28,0.677028,1,BS
26,0.677028,1,BS
22,0.677028,0,JP
7,0.680563,1,BS
9,0.680563,1,BS
5,0.680563,0,BS
7,0.680563,1,BS
11,0.681727,0,BF
29,0.681727,1,JP
15,0.682017,1,BF
14,0.682017,0,PB
17,0.682017,0,PB
14,0.682017,0,PB
14,0.683177,1,A
32,0.683177,0,A
12,0.683177,1,BF
11,0.683177,1,BS
16,0.683177,1,BS
15,0.683177,1,BS
16,0.683177,1,BS
19,0.683991,1,A
12,0.683991,1,BS
19,0.683991,1,JP
25.5,0.683991,1,JP
18.5,0.683991,1,JP
9,0.684129,0,BF
10,0.684129,0,BF
7,0.684129,0,BF
8.5,0.684129,1,BF
6,0.684129,0,PB
23,0.684928,1,A
22,0.684928,1,A
22,0.684928,1,A
20,0.684928,1,A
10,0.684928,1,BS
10,0.684995,1,BF
20,0.685514,1,BS
28,0.685514,1,PB
14,0.68605,1,BS
18,0.68605,1,JP
21,0.68605,1,JP
20,0.68605,1,JP
10,0.68605,0,PB
16,0.68605,0,PB
15,0.689427,1,A
14,0.689427,1,BS
14,0.689427,1,BS
11,0.689427,1,BS
24,0.689427,1,JP
16,0.690015,1,BS
15,0.690859,1,BS
17,0.690859,1,BS
15,0.690859,1,BS
14,0.690859,1,BS
20,0.690859,1,JP
16,0.692772,1,BF
21,0.69421,1,BS
13,0.69421,1,BS
9,0.69421,0,PB
13,0.695542,1,A
20,0.695542,1,A
13,0.695542,1,BS
22,0.695542,1,BS
20,0.695542,1,JP
21,0.695542,1,JP
11,0.696373,1,BS
14,0.696373,1,BS
14,0.696373,1,BS
8,0.696373,0,BS
15,0.696512,1,BS
16,0.696512,1,BS
17,0.696512,1,JP
22,0.696512,1,JP
26,0.696512,1,JP
21,0.696512,1,JP
17,0.696512,1,JP
16,0.696512,0,JP
21,0.697166,1,A
15,0.697166,1,A
6,0.697166,0,BF
14,0.697166,1,BS
18,0.698172,1,BF
13,0.698172,1,BS
15,0.698556,1,BS
14,0.698556,1,BS
23,0.698556,1,JP
24,0.698556,1,JP
13,0.699792,1,BF
10,0.699792,1,BF
14,0.699792,0,BS
25,0.699792,1,JP
11,0.699792,1,JP
15,0.699792,1,JP
20,0.699792,1,JP
24,0.699792,1,JP
6,0.700325,0,BF
13,0.700325,1,BF
13,0.700325,1,BS
11,0.700325,1,BS
13,0.700325,1,BS
6,0.700325,1,BS
27,0.700325,1,BS
9,0.700325,0,PB
6,0.701091,0,BF
7,0.701091,0,BS
10,0.701091,0,BS
12,0.701091,0,BS
8,0.701091,0,PB
15,0.701091,0,PB
9,0.701091,0,PB
5,0.705846,0,BF
5,0.705846,0,BF
5,0.705846,0,BF
24,0.706464,0,PB
20.5,0.70698,1,A
10,0.70698,1,BS
24,0.70698,0,PB
14,0.70698,1,PB
13,0.70698,1,PB
10.5,0.707828,1,BF
18,0.707828,1,BF
8,0.712619,0,BF
8,0.712619,0,PB
12,0.712619,0,PB
19,0.712619,0,PB
21,0.716054,1,A
8,0.716054,0,BA
16,0.716054,1,BF
9,0.716054,1,BF
15,0.716531,1,BS
22,0.716531,1,BS
20,0.716531,0,C
25,0.716531,1,JP
32,0.716531,1,JP
5.5,0.717459,0,BF
12,0.718929,0,BF
10,0.718929,1,BF
11,0.718929,1,BF
31,0.722028,1,A
31,0.722028,1,A
14,0.722028,1,BS
25,0.722028,1,JP
15,0.722028,1,JP
19,0.722443,1,BS
24,0.722443,1,JP
18,0.726563,1,BF
12,0.726563,1,BF
23,0.726563,1,JP
16,0.726563,0,PB
15,0.726563,1,PB
9,0.727462,0,BS
15,0.727462,1,BS
35.5,0.727848,1,A
16.5,0.727848,1,BS
34.5,0.727848,1,JP
16,0.730715,1,BS
24,0.730715,1,JP
17,0.730715,1,JP
10,0.730738,1,BF
11,0.730738,0,BS
10,0.730738,1,BS
14,0.730738,1,BS
10,0.730738,1,BS
21,0.730738,1,BS
9,0.730738,1,BS
9,0.730738,1,BS
9,0.730738,1,BS
8,0.730738,1,BS
14,0.730738,1,JP
16,0.734733,1,PB
19,0.734733,0,PB
15,0.734733,0,PB
20,0.734733,1,PB
20.5,0.734733,1,PB
18,0.734733,1,PB
17,0.734733,1,PB
10,0.735708,1,BF
23,0.735708,1,JP
22,0.735708,1,PB
26,0.735708,1,PB
25,0.735708,1,PB
16,0.737326,1,A
28,0.737326,1,A
33,0.737326,1,A
25,0.737326,1,A
24,0.737326,1,BS
15,0.737326,1,BS
11,0.73741,1,BF
16,0.73741,1,BS
15,0.73741,1,BS
21,0.73741,1,BS
9,0.73741,1,BS
18,0.73741,1,JP
32,0.73741,1,JP
28.5,0.738296,1,BS
8,0.739292,1,A
6,0.739292,1,A
9,0.739292,1,BF
20,0.739292,0,BS
12,0.739292,1,BS
13,0.739292,1,BS
5,0.739292,0,RM
17,0.740107,1,BS
12.5,0.745154,1,A
20.5,0.745154,1,BS
17.5,0.745154,1,JP
20.5,0.745154,1,JP
25,0.745154,1,JP
21,0.745154,0,JP
28.5,0.749806,1,A
11.5,0.749806,0,BA
14,0.749806,0,BA
21,0.749806,0,BA
12,0.749806,1,BA
15,0.749806,0,BA
21,0.749806,1,BA
14,0.749806,1,BA
15.5,0.749806,0,BA
17,0.751591,0,A
7,0.751591,0,A
7,0.751591,0,BF
6,0.751591,0,BF
22.5,0.751713,1,A
24,0.751713,1,A
25,0.751713,1,A
27,0.751713,1,A
23,0.751713,1,A
23,0.751713,1,A
7,0.751974,1,BF
22.5,0.751974,1,BF
19,0.751974,1,BF
24.5,0.751974,1,BS
33.5,0.751974,1,JP
18,0.753469,1,BS
20,0.753469,0,JP
18,0.753912,0,A
20,0.753912,0,A
16,0.753912,0,A
26,0.755243,1,A
29.5,0.755243,1,A
21,0.755243,1,A
23,0.755243,1,A
15,0.755243,1,A
21,0.755243,1,BS
14,0.755243,0,RM
35,0.757207,1,A
38,0.757207,1,A
9,0.757207,1,BF
40,0.757207,1,C
16,0.759117,1,BF
12,0.759117,1,BS
12,0.759117,1,BS
13,0.759117,1,BS
8,0.759117,1,BS
24,0.759117,1,JP
24,0.759117,1,JP
12,0.759117,0,PB
10,0.759117,0,PB
32,0.761207,1,JP
22,0.761207,1,JP
23,0.761207,1,JP
28,0.761207,1,JP
13,0.761207,1,PB
14,0.761207,0,PB
11,0.761207,1,PB
23,0.763639,1,JP
18,0.76546,1,BF
18,0.76546,1,BS
24,0.76546,1,JP
33,0.76546,1,JP
11,0.76546,0,PB
23,0.765538,1,BS
32,0.766252,1,A
25,0.766252,1,A
10,0.766252,0,BF
16,0.766252,0,PB
7,0.766252,0,PB
8,0.766848,0,BF
10.5,0.766848,0,BF
13,0.766848,1,BF
6.5,0.766848,1,BF
34.5,0.766848,1,PB
48,0.766848,1,RP
20,0.766936,1,JP
22,0.766936,1,JP
7,0.766936,0,PB
23,0.770371,1,JP
12,0.770371,1,JP
16,0.775932,1,BS
33,0.775932,1,JP
18.5,0.777446,1,A
16.5,0.777446,1,A
13.5,0.777446,1,BS
35,0.777446,1,RP
18,0.777892,0,A
18,0.777892,1,BS
25,0.778154,1,A
17,0.778154,1,A
14,0.778154,1,BF
8,0.778154,1,BS
12,0.778154,1,BS
19,0.778154,1,BS
7,0.780663,0,BF
13,0.780663,1,BF
13,0.780663,1,BF
11,0.780663,1,BS
32,0.782438,1,A
30,0.782438,1,A
30,0.782438,1,A
32,0.782438,1,A
18,0.782438,1,BF
20,0.782438,1,BS
20,0.782438,1,BS
7,0.78717,0,BS
8,0.78717,0,BS
9,0.78717,0,PB
38,0.790094,1,A
17,0.790498,1,A
5,0.790498,0,BF
5,0.790498,0,BS
10,0.790562,1,BF
6,0.790562,0,BF
5,0.790562,0,BF
6,0.790562,0,BF
7,0.790562,0,BS
5,0.790562,0,BS
11,0.790562,0,BS
16,0.794325,1,BF
27,0.794325,1,JP
32,0.795092,1,BF
17,0.795092,0,BS
13,0.795092,1,BS
34,0.801696,1,A
6,0.801696,1,PB
8,0.807768,0,BS
8,0.807768,0,BS
32,0.807768,1,JP
18,0.80799,1,A
25,0.80799,1,A
5,0.80799,1,BF
9,0.80799,1,BF
15,0.80799,1,BS
32,0.809389,0,A
19,0.809389,1,BS
25,0.809389,1,BS
10,0.812692,0,RM
17,0.812692,1,RM
12,0.812692,1,RM
20,0.814965,1,BS
28,0.814965,1,JP
29,0.814965,1,JP
29,0.815376,1,A
33,0.815376,1,A
24,0.815376,1,A
20,0.815376,1,BF
20,0.815376,1,BS
22,0.815376,1,BS
13,0.815376,1,BS
28,0.815376,1,JP
36,0.817479,1,A
15,0.819013,0,PB
9,0.819013,0,PB
30.5,0.819013,1,RP
13,0.821372,1,BS
16,0.821372,1,BS
15,0.821372,1,BS
11,0.821372,1,BS
14,0.821372,1,BS
11,0.830039,1,BF
19,0.830039,1,BS
7,0.830039,1,RM
16.5,0.830039,1,RM
13,0.830039,1,RM
10,0.830039,1,RM
7.5,0.830039,1,RM
16,0.831795,1,BS
11,0.831795,1,BS
11,0.831795,1,JP
9,0.831795,0,PB
14,0.833468,1,BF
27,0.833468,1,BF
32,0.833468,1,BS
11,0.833468,0,RM
19,0.833468,0,RM
18,0.833468,0,RM
10,0.833468,0,RM
5,0.833468,0,RM
19,0.833468,0,RM
19,0.833468,1,RM
9,0.833593,0,BS
8,0.833593,0,BS
8,0.833593,0,BS
18,0.833593,1,BS
13,0.83518,1,BS
10.5,0.83518,1,BS
19,0.83518,1,BS
28,0.83518,1,C
40,0.83518,1,C
22.5,0.83518,1,C
16,0.83518,1,C
27,0.83518,1,C
10.5,0.83518,1,PB
17,0.842422,1,BF
12,0.842422,1,BF
15,0.842422,1,BS
11,0.842878,1,BF
11,0.842878,1,BF
12,0.842878,1,BS
15,0.847198,1,BF
15,0.847198,1,BF
11,0.847198,1,BF
17,0.847198,1,BS
14,0.847198,0,RM
20,0.847198,1,RM
13,0.847198,0,RM
16,0.847198,1,RM
31,0.84748,1,A
28,0.84748,1,A
29,0.84748,1,A
22,0.84748,1,A
12,0.84748,1,BS
14,0.849462,1,BF
14,0.849462,1,BF
20,0.849462,1,BF
22,0.849462,1,BS
30,0.849462,1,BS
13,0.850571,1,BF
11,0.850571,1,BF
6,0.850571,0,BF
10,0.850571,1,BF
26,0.850571,1,RP
51.5,0.852625,1,RP
34,0.854798,1,A
25,0.854798,1,A
20,0.854798,1,A
18,0.854798,1,BS
21,0.854798,1,BS
16,0.854798,1,BS
12,0.854798,1,PB
38,0.85532,1,A
36,0.85532,1,A
26,0.85532,0,A
18,0.85532,1,BF
21,0.85532,1,BF
22,0.857642,1,BS
24,0.857642,1,JP
25.5,0.857642,0,RP
5.5,0.859409,1,BF
21,0.859409,1,BF
52,0.859409,1,RP
25,0.860065,0,A
38,0.860065,1,JP
22,0.860065,1,JP
14,0.860065,0,RM
27,0.862392,1,A
24,0.862392,1,A
22,0.862392,1,A
25.5,0.862392,1,A
16.5,0.862392,1,A
14,0.862392,1,A
17,0.862392,1,A
7,0.862392,1,A
16,0.862392,1,BF
20,0.867016,1,A
14,0.867016,1,BF
19.5,0.867016,1,BS
14.5,0.867016,1,BS
19,0.867098,1,A
16,0.867098,1,A
15,0.867098,1,A
17,0.867098,1,A
17,0.867098,1,A
10,0.867098,1,BS
13,0.867098,1,BS
32,0.867171,1,C
27,0.884152,1,A
25.5,0.884152,1,A
17.5,0.884152,1,A
25,0.884152,1,A
11,0.895478,1,BS
7,0.895478,0,PB
10,0.895478,1,PB
7,0.895478,0,RM
6,0.895478,0,RM
18.5,0.896522,1,BS
25,0.896522,1,JP
23,0.896522,0,PB
20,0.896522,0,PB
23,0.896522,0,PB
26,0.896522,1,PB
12,0.901051,1,BS
13,0.901051,1,BS
13,0.901051,1,BS
9,0.901051,1,BS
9,0.901051,1,BS
8,0.901051,1,BS
18,0.901051,1,JP
22,0.901051,1,JP
24,0.901051,1,JP
25,0.901051,1,JP
12,0.909887,1,A
10,0.909887,1,BS
9,0.909887,1,BS
14,0.909887,1,BS
12,0.909887,1,BS
11,0.909887,1,BS
12,0.909887,1,JP
15,0.909887,1,JP
13,0.931964,1,BS
26,0.931964,1,JP
5,0.939029,0,BF
14,0.939029,0,PB
16,0.940521,1,A
26,0.940521,1,A
29,0.940521,1,A
15,0.940521,1,BS
15,0.940521,1,BS
34,0.94152,1,PB
12,0.94152,1,PB
28,0.94152,1,PB
9,0.944993,1,BF
17,0.944993,1,BF
19,0.944993,0,C
30,0.944993,1,RP
13,0.960903,1,BS
12.5,0.960903,1,BS
20.5,0.960903,1,BS
8,0.960903,1,BS
13,0.960903,1,BS
29,0.960903,1,JP
10.5,0.960903,0,PB
25,0.973961,1,BS
14,0.973961,1,BS
28,0.973961,1,BS
30,0.973961,1,RP
8,0.983271,1,BF
20,0.983271,1,C
19,0.983271,1,C
37,0.983271,1,RP
48,0.983271,1,RP
